〔Book〕	〔KJVbook｜KJVchapter｜KJVverse〕	〔BHSbook｜BHSchapter｜BHSverse〕
1	〔1｜31｜55〕	〔1｜32｜1〕
1	〔1｜32｜10〕	〔1｜32｜11〕
1	〔1｜32｜11〕	〔1｜32｜12〕
1	〔1｜32｜12〕	〔1｜32｜13〕
1	〔1｜32｜13〕	〔1｜32｜14〕
1	〔1｜32｜14〕	〔1｜32｜15〕
1	〔1｜32｜15〕	〔1｜32｜16〕
1	〔1｜32｜16〕	〔1｜32｜17〕
1	〔1｜32｜17〕	〔1｜32｜18〕
1	〔1｜32｜18〕	〔1｜32｜19〕
1	〔1｜32｜19〕	〔1｜32｜20〕
1	〔1｜32｜1〕	〔1｜32｜2〕
1	〔1｜32｜20〕	〔1｜32｜21〕
1	〔1｜32｜21〕	〔1｜32｜22〕
1	〔1｜32｜22〕	〔1｜32｜23〕
1	〔1｜32｜23〕	〔1｜32｜24〕
1	〔1｜32｜24〕	〔1｜32｜25〕
1	〔1｜32｜25〕	〔1｜32｜26〕
1	〔1｜32｜26〕	〔1｜32｜27〕
1	〔1｜32｜27〕	〔1｜32｜28〕
1	〔1｜32｜28〕	〔1｜32｜29〕
1	〔1｜32｜29〕	〔1｜32｜30〕
1	〔1｜32｜2〕	〔1｜32｜3〕
1	〔1｜32｜30〕	〔1｜32｜31〕
1	〔1｜32｜31〕	〔1｜32｜32〕
1	〔1｜32｜32〕	〔1｜32｜33〕
1	〔1｜32｜3〕	〔1｜32｜4〕
1	〔1｜32｜4〕	〔1｜32｜5〕
1	〔1｜32｜5〕	〔1｜32｜6〕
1	〔1｜32｜6〕	〔1｜32｜7〕
1	〔1｜32｜7〕	〔1｜32｜8〕
1	〔1｜32｜8〕	〔1｜32｜9〕
1	〔1｜32｜9〕	〔1｜32｜10〕
10	〔10｜18｜33〕	〔10｜19｜1〕
10	〔10｜19｜10〕	〔10｜19｜11〕
10	〔10｜19｜11〕	〔10｜19｜12〕
10	〔10｜19｜12〕	〔10｜19｜13〕
10	〔10｜19｜13〕	〔10｜19｜14〕
10	〔10｜19｜14〕	〔10｜19｜15〕
10	〔10｜19｜15〕	〔10｜19｜16〕
10	〔10｜19｜16〕	〔10｜19｜17〕
10	〔10｜19｜17〕	〔10｜19｜18〕
10	〔10｜19｜18〕	〔10｜19｜19〕
10	〔10｜19｜19〕	〔10｜19｜20〕
10	〔10｜19｜1〕	〔10｜19｜2〕
10	〔10｜19｜20〕	〔10｜19｜21〕
10	〔10｜19｜21〕	〔10｜19｜22〕
10	〔10｜19｜22〕	〔10｜19｜23〕
10	〔10｜19｜23〕	〔10｜19｜24〕
10	〔10｜19｜24〕	〔10｜19｜25〕
10	〔10｜19｜25〕	〔10｜19｜26〕
10	〔10｜19｜26〕	〔10｜19｜27〕
10	〔10｜19｜27〕	〔10｜19｜28〕
10	〔10｜19｜28〕	〔10｜19｜29〕
10	〔10｜19｜29〕	〔10｜19｜30〕
10	〔10｜19｜2〕	〔10｜19｜3〕
10	〔10｜19｜30〕	〔10｜19｜31〕
10	〔10｜19｜31〕	〔10｜19｜32〕
10	〔10｜19｜32〕	〔10｜19｜33〕
10	〔10｜19｜33〕	〔10｜19｜34〕
10	〔10｜19｜34〕	〔10｜19｜35〕
10	〔10｜19｜35〕	〔10｜19｜36〕
10	〔10｜19｜36〕	〔10｜19｜37〕
10	〔10｜19｜37〕	〔10｜19｜38〕
10	〔10｜19｜38〕	〔10｜19｜39〕
10	〔10｜19｜39〕	〔10｜19｜40〕
10	〔10｜19｜3〕	〔10｜19｜4〕
10	〔10｜19｜40〕	〔10｜19｜41〕
10	〔10｜19｜41〕	〔10｜19｜42〕
10	〔10｜19｜42〕	〔10｜19｜43〕
10	〔10｜19｜43〕	〔10｜19｜44〕
10	〔10｜19｜4〕	〔10｜19｜5〕
10	〔10｜19｜5〕	〔10｜19｜6〕
10	〔10｜19｜6〕	〔10｜19｜7〕
10	〔10｜19｜7〕	〔10｜19｜8〕
10	〔10｜19｜8〕	〔10｜19｜9〕
10	〔10｜19｜9〕	〔10｜19｜10〕
11	〔11｜18｜33〕	〔11｜18｜33〕
11	〔11｜18｜33〕	〔11｜18｜34〕
11	〔11｜18｜34〕	〔11｜18｜34〕
11	〔11｜20｜2〕	〔11｜20｜2〕
11	〔11｜20｜2〕	〔11｜20｜3〕
11	〔11｜20｜3〕	〔11｜20｜3〕
11	〔11｜22｜21〕	〔11｜22｜21〕
11	〔11｜22｜22〕	〔11｜22｜21〕
11	〔11｜22｜22〕	〔11｜22｜22〕
11	〔11｜22｜43〕	〔11｜22｜43〕
11	〔11｜22｜43〕	〔11｜22｜44〕
11	〔11｜22｜44〕	〔11｜22｜45〕
11	〔11｜22｜45〕	〔11｜22｜46〕
11	〔11｜22｜46〕	〔11｜22｜47〕
11	〔11｜22｜47〕	〔11｜22｜48〕
11	〔11｜22｜48〕	〔11｜22｜49〕
11	〔11｜22｜49〕	〔11｜22｜50〕
11	〔11｜22｜50〕	〔11｜22｜51〕
11	〔11｜22｜51〕	〔11｜22｜52〕
11	〔11｜22｜52〕	〔11｜22｜53〕
11	〔11｜22｜53〕	〔11｜22｜54〕
11	〔11｜4｜21〕	〔11｜5｜1〕
11	〔11｜4｜22〕	〔11｜5｜2〕
11	〔11｜4｜23〕	〔11｜5｜3〕
11	〔11｜4｜24〕	〔11｜5｜4〕
11	〔11｜4｜25〕	〔11｜5｜5〕
11	〔11｜4｜26〕	〔11｜5｜6〕
11	〔11｜4｜27〕	〔11｜5｜7〕
11	〔11｜4｜28〕	〔11｜5｜8〕
11	〔11｜4｜29〕	〔11｜5｜9〕
11	〔11｜4｜30〕	〔11｜5｜10〕
11	〔11｜4｜31〕	〔11｜5｜11〕
11	〔11｜4｜32〕	〔11｜5｜12〕
11	〔11｜4｜33〕	〔11｜5｜13〕
11	〔11｜4｜34〕	〔11｜5｜14〕
11	〔11｜5｜10〕	〔11｜5｜24〕
11	〔11｜5｜11〕	〔11｜5｜25〕
11	〔11｜5｜12〕	〔11｜5｜26〕
11	〔11｜5｜13〕	〔11｜5｜27〕
11	〔11｜5｜14〕	〔11｜5｜28〕
11	〔11｜5｜15〕	〔11｜5｜29〕
11	〔11｜5｜16〕	〔11｜5｜30〕
11	〔11｜5｜17〕	〔11｜5｜31〕
11	〔11｜5｜18〕	〔11｜5｜32〕
11	〔11｜5｜1〕	〔11｜5｜15〕
11	〔11｜5｜2〕	〔11｜5｜16〕
11	〔11｜5｜3〕	〔11｜5｜17〕
11	〔11｜5｜4〕	〔11｜5｜18〕
11	〔11｜5｜5〕	〔11｜5｜19〕
11	〔11｜5｜6〕	〔11｜5｜20〕
11	〔11｜5｜7〕	〔11｜5｜21〕
11	〔11｜5｜8〕	〔11｜5｜22〕
11	〔11｜5｜9〕	〔11｜5｜23〕
12	〔12｜11｜21〕	〔12｜12｜1〕
12	〔12｜12｜10〕	〔12｜12｜11〕
12	〔12｜12｜11〕	〔12｜12｜12〕
12	〔12｜12｜12〕	〔12｜12｜13〕
12	〔12｜12｜13〕	〔12｜12｜14〕
12	〔12｜12｜14〕	〔12｜12｜15〕
12	〔12｜12｜15〕	〔12｜12｜16〕
12	〔12｜12｜16〕	〔12｜12｜17〕
12	〔12｜12｜17〕	〔12｜12｜18〕
12	〔12｜12｜18〕	〔12｜12｜19〕
12	〔12｜12｜19〕	〔12｜12｜20〕
12	〔12｜12｜1〕	〔12｜12｜2〕
12	〔12｜12｜20〕	〔12｜12｜21〕
12	〔12｜12｜21〕	〔12｜12｜22〕
12	〔12｜12｜2〕	〔12｜12｜3〕
12	〔12｜12｜3〕	〔12｜12｜4〕
12	〔12｜12｜4〕	〔12｜12｜5〕
12	〔12｜12｜5〕	〔12｜12｜6〕
12	〔12｜12｜6〕	〔12｜12｜7〕
12	〔12｜12｜7〕	〔12｜12｜8〕
12	〔12｜12｜8〕	〔12｜12｜9〕
12	〔12｜12｜9〕	〔12｜12｜10〕
13	〔13｜12｜10〕	〔13｜12｜11〕
13	〔13｜12｜11〕	〔13｜12｜12〕
13	〔13｜12｜12〕	〔13｜12｜13〕
13	〔13｜12｜13〕	〔13｜12｜14〕
13	〔13｜12｜14〕	〔13｜12｜15〕
13	〔13｜12｜15〕	〔13｜12｜16〕
13	〔13｜12｜16〕	〔13｜12｜17〕
13	〔13｜12｜17〕	〔13｜12｜18〕
13	〔13｜12｜18〕	〔13｜12｜19〕
13	〔13｜12｜19〕	〔13｜12｜20〕
13	〔13｜12｜20〕	〔13｜12｜21〕
13	〔13｜12｜21〕	〔13｜12｜22〕
13	〔13｜12｜22〕	〔13｜12｜23〕
13	〔13｜12｜23〕	〔13｜12｜24〕
13	〔13｜12｜24〕	〔13｜12｜25〕
13	〔13｜12｜25〕	〔13｜12｜26〕
13	〔13｜12｜26〕	〔13｜12｜27〕
13	〔13｜12｜27〕	〔13｜12｜28〕
13	〔13｜12｜28〕	〔13｜12｜29〕
13	〔13｜12｜29〕	〔13｜12｜30〕
13	〔13｜12｜30〕	〔13｜12｜31〕
13	〔13｜12｜31〕	〔13｜12｜32〕
13	〔13｜12｜32〕	〔13｜12｜33〕
13	〔13｜12｜33〕	〔13｜12｜34〕
13	〔13｜12｜34〕	〔13｜12｜35〕
13	〔13｜12｜35〕	〔13｜12｜36〕
13	〔13｜12｜36〕	〔13｜12｜37〕
13	〔13｜12｜37〕	〔13｜12｜38〕
13	〔13｜12｜38〕	〔13｜12｜39〕
13	〔13｜12｜39〕	〔13｜12｜40〕
13	〔13｜12｜40〕	〔13｜12｜41〕
13	〔13｜12｜4〕	〔13｜12｜4〕
13	〔13｜12｜4〕	〔13｜12｜5〕
13	〔13｜12｜5〕	〔13｜12｜6〕
13	〔13｜12｜6〕	〔13｜12｜7〕
13	〔13｜12｜7〕	〔13｜12｜8〕
13	〔13｜12｜8〕	〔13｜12｜9〕
13	〔13｜12｜9〕	〔13｜12｜10〕
13	〔13｜6｜10〕	〔13｜5｜36〕
13	〔13｜6｜11〕	〔13｜5｜37〕
13	〔13｜6｜12〕	〔13｜5｜38〕
13	〔13｜6｜13〕	〔13｜5｜39〕
13	〔13｜6｜14〕	〔13｜5｜40〕
13	〔13｜6｜15〕	〔13｜5｜41〕
13	〔13｜6｜16〕	〔13｜6｜1〕
13	〔13｜6｜17〕	〔13｜6｜2〕
13	〔13｜6｜18〕	〔13｜6｜3〕
13	〔13｜6｜19〕	〔13｜6｜4〕
13	〔13｜6｜1〕	〔13｜5｜27〕
13	〔13｜6｜20〕	〔13｜6｜5〕
13	〔13｜6｜21〕	〔13｜6｜6〕
13	〔13｜6｜22〕	〔13｜6｜7〕
13	〔13｜6｜23〕	〔13｜6｜8〕
13	〔13｜6｜24〕	〔13｜6｜9〕
13	〔13｜6｜25〕	〔13｜6｜10〕
13	〔13｜6｜26〕	〔13｜6｜11〕
13	〔13｜6｜27〕	〔13｜6｜12〕
13	〔13｜6｜28〕	〔13｜6｜13〕
13	〔13｜6｜29〕	〔13｜6｜14〕
13	〔13｜6｜2〕	〔13｜5｜28〕
13	〔13｜6｜30〕	〔13｜6｜15〕
13	〔13｜6｜31〕	〔13｜6｜16〕
13	〔13｜6｜32〕	〔13｜6｜17〕
13	〔13｜6｜33〕	〔13｜6｜18〕
13	〔13｜6｜34〕	〔13｜6｜19〕
13	〔13｜6｜35〕	〔13｜6｜20〕
13	〔13｜6｜36〕	〔13｜6｜21〕
13	〔13｜6｜37〕	〔13｜6｜22〕
13	〔13｜6｜38〕	〔13｜6｜23〕
13	〔13｜6｜39〕	〔13｜6｜24〕
13	〔13｜6｜3〕	〔13｜5｜29〕
13	〔13｜6｜40〕	〔13｜6｜25〕
13	〔13｜6｜41〕	〔13｜6｜26〕
13	〔13｜6｜42〕	〔13｜6｜27〕
13	〔13｜6｜43〕	〔13｜6｜28〕
13	〔13｜6｜44〕	〔13｜6｜29〕
13	〔13｜6｜45〕	〔13｜6｜30〕
13	〔13｜6｜46〕	〔13｜6｜31〕
13	〔13｜6｜47〕	〔13｜6｜32〕
13	〔13｜6｜48〕	〔13｜6｜33〕
13	〔13｜6｜49〕	〔13｜6｜34〕
13	〔13｜6｜4〕	〔13｜5｜30〕
13	〔13｜6｜50〕	〔13｜6｜35〕
13	〔13｜6｜51〕	〔13｜6｜36〕
13	〔13｜6｜52〕	〔13｜6｜37〕
13	〔13｜6｜53〕	〔13｜6｜38〕
13	〔13｜6｜54〕	〔13｜6｜39〕
13	〔13｜6｜55〕	〔13｜6｜40〕
13	〔13｜6｜56〕	〔13｜6｜41〕
13	〔13｜6｜57〕	〔13｜6｜42〕
13	〔13｜6｜58〕	〔13｜6｜43〕
13	〔13｜6｜59〕	〔13｜6｜44〕
13	〔13｜6｜5〕	〔13｜5｜31〕
13	〔13｜6｜60〕	〔13｜6｜45〕
13	〔13｜6｜61〕	〔13｜6｜46〕
13	〔13｜6｜62〕	〔13｜6｜47〕
13	〔13｜6｜63〕	〔13｜6｜48〕
13	〔13｜6｜64〕	〔13｜6｜49〕
13	〔13｜6｜65〕	〔13｜6｜50〕
13	〔13｜6｜66〕	〔13｜6｜51〕
13	〔13｜6｜67〕	〔13｜6｜52〕
13	〔13｜6｜68〕	〔13｜6｜53〕
13	〔13｜6｜69〕	〔13｜6｜54〕
13	〔13｜6｜6〕	〔13｜5｜32〕
13	〔13｜6｜70〕	〔13｜6｜55〕
13	〔13｜6｜71〕	〔13｜6｜56〕
13	〔13｜6｜72〕	〔13｜6｜57〕
13	〔13｜6｜73〕	〔13｜6｜58〕
13	〔13｜6｜74〕	〔13｜6｜59〕
13	〔13｜6｜75〕	〔13｜6｜60〕
13	〔13｜6｜76〕	〔13｜6｜61〕
13	〔13｜6｜77〕	〔13｜6｜62〕
13	〔13｜6｜78〕	〔13｜6｜63〕
13	〔13｜6｜79〕	〔13｜6｜64〕
13	〔13｜6｜7〕	〔13｜5｜33〕
13	〔13｜6｜80〕	〔13｜6｜65〕
13	〔13｜6｜81〕	〔13｜6｜66〕
13	〔13｜6｜8〕	〔13｜5｜34〕
13	〔13｜6｜9〕	〔13｜5｜35〕
14	〔14｜14｜10〕	〔14｜14｜9〕
14	〔14｜14｜11〕	〔14｜14｜10〕
14	〔14｜14｜12〕	〔14｜14｜11〕
14	〔14｜14｜13〕	〔14｜14｜12〕
14	〔14｜14｜14〕	〔14｜14｜13〕
14	〔14｜14｜15〕	〔14｜14｜14〕
14	〔14｜14｜1〕	〔14｜13｜23〕
14	〔14｜14｜2〕	〔14｜14｜1〕
14	〔14｜14｜3〕	〔14｜14｜2〕
14	〔14｜14｜4〕	〔14｜14｜3〕
14	〔14｜14｜5〕	〔14｜14｜4〕
14	〔14｜14｜6〕	〔14｜14｜5〕
14	〔14｜14｜7〕	〔14｜14｜6〕
14	〔14｜14｜8〕	〔14｜14｜7〕
14	〔14｜14｜9〕	〔14｜14｜8〕
14	〔14｜2｜10〕	〔14｜2｜9〕
14	〔14｜2｜11〕	〔14｜2｜10〕
14	〔14｜2｜12〕	〔14｜2｜11〕
14	〔14｜2｜13〕	〔14｜2｜12〕
14	〔14｜2｜14〕	〔14｜2｜13〕
14	〔14｜2｜15〕	〔14｜2｜14〕
14	〔14｜2｜16〕	〔14｜2｜15〕
14	〔14｜2｜17〕	〔14｜2｜16〕
14	〔14｜2｜18〕	〔14｜2｜17〕
14	〔14｜2｜1〕	〔14｜1｜18〕
14	〔14｜2｜2〕	〔14｜2｜1〕
14	〔14｜2｜3〕	〔14｜2｜2〕
14	〔14｜2｜4〕	〔14｜2｜3〕
14	〔14｜2｜5〕	〔14｜2｜4〕
14	〔14｜2｜6〕	〔14｜2｜5〕
14	〔14｜2｜7〕	〔14｜2｜6〕
14	〔14｜2｜8〕	〔14｜2｜7〕
14	〔14｜2｜9〕	〔14｜2｜8〕
16	〔16｜10｜10〕	〔16｜10｜11〕
16	〔16｜10｜11〕	〔16｜10｜12〕
16	〔16｜10｜12〕	〔16｜10｜13〕
16	〔16｜10｜13〕	〔16｜10｜14〕
16	〔16｜10｜14〕	〔16｜10｜15〕
16	〔16｜10｜15〕	〔16｜10｜16〕
16	〔16｜10｜16〕	〔16｜10｜17〕
16	〔16｜10｜17〕	〔16｜10｜18〕
16	〔16｜10｜18〕	〔16｜10｜19〕
16	〔16｜10｜19〕	〔16｜10｜20〕
16	〔16｜10｜1〕	〔16｜10｜2〕
16	〔16｜10｜20〕	〔16｜10｜21〕
16	〔16｜10｜21〕	〔16｜10｜22〕
16	〔16｜10｜22〕	〔16｜10｜23〕
16	〔16｜10｜23〕	〔16｜10｜24〕
16	〔16｜10｜24〕	〔16｜10｜25〕
16	〔16｜10｜25〕	〔16｜10｜26〕
16	〔16｜10｜26〕	〔16｜10｜27〕
16	〔16｜10｜27〕	〔16｜10｜28〕
16	〔16｜10｜28〕	〔16｜10｜29〕
16	〔16｜10｜29〕	〔16｜10｜30〕
16	〔16｜10｜2〕	〔16｜10｜3〕
16	〔16｜10｜30〕	〔16｜10｜31〕
16	〔16｜10｜31〕	〔16｜10｜32〕
16	〔16｜10｜32〕	〔16｜10｜33〕
16	〔16｜10｜33〕	〔16｜10｜34〕
16	〔16｜10｜34〕	〔16｜10｜35〕
16	〔16｜10｜35〕	〔16｜10｜36〕
16	〔16｜10｜36〕	〔16｜10｜37〕
16	〔16｜10｜37〕	〔16｜10｜38〕
16	〔16｜10｜38〕	〔16｜10｜39〕
16	〔16｜10｜39〕	〔16｜10｜40〕
16	〔16｜10｜3〕	〔16｜10｜4〕
16	〔16｜10｜4〕	〔16｜10｜5〕
16	〔16｜10｜5〕	〔16｜10｜6〕
16	〔16｜10｜6〕	〔16｜10｜7〕
16	〔16｜10｜7〕	〔16｜10｜8〕
16	〔16｜10｜8〕	〔16｜10｜9〕
16	〔16｜10｜9〕	〔16｜10｜10〕
16	〔16｜4｜10〕	〔16｜4｜4〕
16	〔16｜4｜11〕	〔16｜4｜5〕
16	〔16｜4｜12〕	〔16｜4｜6〕
16	〔16｜4｜13〕	〔16｜4｜7〕
16	〔16｜4｜14〕	〔16｜4｜8〕
16	〔16｜4｜15〕	〔16｜4｜9〕
16	〔16｜4｜16〕	〔16｜4｜10〕
16	〔16｜4｜17〕	〔16｜4｜11〕
16	〔16｜4｜18〕	〔16｜4｜12〕
16	〔16｜4｜19〕	〔16｜4｜13〕
16	〔16｜4｜1〕	〔16｜3｜33〕
16	〔16｜4｜20〕	〔16｜4｜14〕
16	〔16｜4｜21〕	〔16｜4｜15〕
16	〔16｜4｜22〕	〔16｜4｜16〕
16	〔16｜4｜23〕	〔16｜4｜17〕
16	〔16｜4｜2〕	〔16｜3｜34〕
16	〔16｜4｜3〕	〔16｜3｜35〕
16	〔16｜4｜4〕	〔16｜3｜36〕
16	〔16｜4｜5〕	〔16｜3｜37〕
16	〔16｜4｜6〕	〔16｜3｜38〕
16	〔16｜4｜7〕	〔16｜4｜1〕
16	〔16｜4｜8〕	〔16｜4｜2〕
16	〔16｜4｜9〕	〔16｜4｜3〕
16	〔16｜7｜69〕	〔16｜7｜68〕
16	〔16｜7｜70〕	〔16｜7｜69〕
16	〔16｜7｜71〕	〔16｜7｜70〕
16	〔16｜7｜72〕	〔16｜7｜71〕
16	〔16｜7｜73〕	〔16｜7｜72〕
16	〔16｜9｜38〕	〔16｜10｜1〕
18	〔18｜41｜10〕	〔18｜41｜2〕
18	〔18｜41｜11〕	〔18｜41｜3〕
18	〔18｜41｜12〕	〔18｜41｜4〕
18	〔18｜41｜13〕	〔18｜41｜5〕
18	〔18｜41｜14〕	〔18｜41｜6〕
18	〔18｜41｜15〕	〔18｜41｜7〕
18	〔18｜41｜16〕	〔18｜41｜8〕
18	〔18｜41｜17〕	〔18｜41｜9〕
18	〔18｜41｜18〕	〔18｜41｜10〕
18	〔18｜41｜19〕	〔18｜41｜11〕
18	〔18｜41｜1〕	〔18｜40｜25〕
18	〔18｜41｜20〕	〔18｜41｜12〕
18	〔18｜41｜21〕	〔18｜41｜13〕
18	〔18｜41｜22〕	〔18｜41｜14〕
18	〔18｜41｜23〕	〔18｜41｜15〕
18	〔18｜41｜24〕	〔18｜41｜16〕
18	〔18｜41｜25〕	〔18｜41｜17〕
18	〔18｜41｜26〕	〔18｜41｜18〕
18	〔18｜41｜27〕	〔18｜41｜19〕
18	〔18｜41｜28〕	〔18｜41｜20〕
18	〔18｜41｜29〕	〔18｜41｜21〕
18	〔18｜41｜2〕	〔18｜40｜26〕
18	〔18｜41｜30〕	〔18｜41｜22〕
18	〔18｜41｜31〕	〔18｜41｜23〕
18	〔18｜41｜32〕	〔18｜41｜24〕
18	〔18｜41｜33〕	〔18｜41｜25〕
18	〔18｜41｜34〕	〔18｜41｜26〕
18	〔18｜41｜3〕	〔18｜40｜27〕
18	〔18｜41｜4〕	〔18｜40｜28〕
18	〔18｜41｜5〕	〔18｜40｜29〕
18	〔18｜41｜6〕	〔18｜40｜30〕
18	〔18｜41｜7〕	〔18｜40｜31〕
18	〔18｜41｜8〕	〔18｜40｜32〕
18	〔18｜41｜9〕	〔18｜41｜1〕
19	〔19｜102｜10〕	〔19｜102｜11〕
19	〔19｜102｜11〕	〔19｜102｜12〕
19	〔19｜102｜12〕	〔19｜102｜13〕
19	〔19｜102｜13〕	〔19｜102｜14〕
19	〔19｜102｜14〕	〔19｜102｜15〕
19	〔19｜102｜15〕	〔19｜102｜16〕
19	〔19｜102｜16〕	〔19｜102｜17〕
19	〔19｜102｜17〕	〔19｜102｜18〕
19	〔19｜102｜18〕	〔19｜102｜19〕
19	〔19｜102｜19〕	〔19｜102｜20〕
19	〔19｜102｜1〕	〔19｜102｜1〕
19	〔19｜102｜1〕	〔19｜102｜2〕
19	〔19｜102｜20〕	〔19｜102｜21〕
19	〔19｜102｜21〕	〔19｜102｜22〕
19	〔19｜102｜22〕	〔19｜102｜23〕
19	〔19｜102｜23〕	〔19｜102｜24〕
19	〔19｜102｜24〕	〔19｜102｜25〕
19	〔19｜102｜25〕	〔19｜102｜26〕
19	〔19｜102｜26〕	〔19｜102｜27〕
19	〔19｜102｜27〕	〔19｜102｜28〕
19	〔19｜102｜28〕	〔19｜102｜29〕
19	〔19｜102｜2〕	〔19｜102｜3〕
19	〔19｜102｜3〕	〔19｜102｜4〕
19	〔19｜102｜4〕	〔19｜102｜5〕
19	〔19｜102｜5〕	〔19｜102｜6〕
19	〔19｜102｜6〕	〔19｜102｜7〕
19	〔19｜102｜7〕	〔19｜102｜8〕
19	〔19｜102｜8〕	〔19｜102｜9〕
19	〔19｜102｜9〕	〔19｜102｜10〕
19	〔19｜108｜10〕	〔19｜108｜11〕
19	〔19｜108｜11〕	〔19｜108｜12〕
19	〔19｜108｜12〕	〔19｜108｜13〕
19	〔19｜108｜13〕	〔19｜108｜14〕
19	〔19｜108｜1〕	〔19｜108｜1〕
19	〔19｜108｜1〕	〔19｜108｜2〕
19	〔19｜108｜2〕	〔19｜108｜3〕
19	〔19｜108｜3〕	〔19｜108｜4〕
19	〔19｜108｜4〕	〔19｜108｜5〕
19	〔19｜108｜5〕	〔19｜108｜6〕
19	〔19｜108｜6〕	〔19｜108｜7〕
19	〔19｜108｜7〕	〔19｜108｜8〕
19	〔19｜108｜8〕	〔19｜108｜9〕
19	〔19｜108｜9〕	〔19｜108｜10〕
19	〔19｜12｜1〕	〔19｜12｜1〕
19	〔19｜12｜1〕	〔19｜12｜2〕
19	〔19｜12｜2〕	〔19｜12｜3〕
19	〔19｜12｜3〕	〔19｜12｜4〕
19	〔19｜12｜4〕	〔19｜12｜5〕
19	〔19｜12｜5〕	〔19｜12｜6〕
19	〔19｜12｜6〕	〔19｜12｜7〕
19	〔19｜12｜7〕	〔19｜12｜8〕
19	〔19｜12｜8〕	〔19｜12｜9〕
19	〔19｜13｜1〕	〔19｜13｜1〕
19	〔19｜13｜1〕	〔19｜13｜2〕
19	〔19｜13｜2〕	〔19｜13｜3〕
19	〔19｜13｜3〕	〔19｜13｜4〕
19	〔19｜13｜4〕	〔19｜13｜5〕
19	〔19｜13｜5〕	〔19｜13｜6〕
19	〔19｜13｜6〕	〔19｜13｜6〕
19	〔19｜140｜10〕	〔19｜140｜11〕
19	〔19｜140｜11〕	〔19｜140｜12〕
19	〔19｜140｜12〕	〔19｜140｜13〕
19	〔19｜140｜13〕	〔19｜140｜14〕
19	〔19｜140｜1〕	〔19｜140｜1〕
19	〔19｜140｜1〕	〔19｜140｜2〕
19	〔19｜140｜2〕	〔19｜140｜3〕
19	〔19｜140｜3〕	〔19｜140｜4〕
19	〔19｜140｜4〕	〔19｜140｜5〕
19	〔19｜140｜5〕	〔19｜140｜6〕
19	〔19｜140｜6〕	〔19｜140｜7〕
19	〔19｜140｜7〕	〔19｜140｜8〕
19	〔19｜140｜8〕	〔19｜140｜9〕
19	〔19｜140｜9〕	〔19｜140｜10〕
19	〔19｜142｜1〕	〔19｜142｜1〕
19	〔19｜142｜1〕	〔19｜142｜2〕
19	〔19｜142｜2〕	〔19｜142｜3〕
19	〔19｜142｜3〕	〔19｜142｜4〕
19	〔19｜142｜4〕	〔19｜142｜5〕
19	〔19｜142｜5〕	〔19｜142｜6〕
19	〔19｜142｜6〕	〔19｜142｜7〕
19	〔19｜142｜7〕	〔19｜142｜8〕
19	〔19｜18｜10〕	〔19｜18｜11〕
19	〔19｜18｜11〕	〔19｜18｜12〕
19	〔19｜18｜12〕	〔19｜18｜13〕
19	〔19｜18｜13〕	〔19｜18｜14〕
19	〔19｜18｜14〕	〔19｜18｜15〕
19	〔19｜18｜15〕	〔19｜18｜16〕
19	〔19｜18｜16〕	〔19｜18｜17〕
19	〔19｜18｜17〕	〔19｜18｜18〕
19	〔19｜18｜18〕	〔19｜18｜19〕
19	〔19｜18｜19〕	〔19｜18｜20〕
19	〔19｜18｜1〕	〔19｜18｜1〕
19	〔19｜18｜1〕	〔19｜18｜2〕
19	〔19｜18｜20〕	〔19｜18｜21〕
19	〔19｜18｜21〕	〔19｜18｜22〕
19	〔19｜18｜22〕	〔19｜18｜23〕
19	〔19｜18｜23〕	〔19｜18｜24〕
19	〔19｜18｜24〕	〔19｜18｜25〕
19	〔19｜18｜25〕	〔19｜18｜26〕
19	〔19｜18｜26〕	〔19｜18｜27〕
19	〔19｜18｜27〕	〔19｜18｜28〕
19	〔19｜18｜28〕	〔19｜18｜29〕
19	〔19｜18｜29〕	〔19｜18｜30〕
19	〔19｜18｜2〕	〔19｜18｜3〕
19	〔19｜18｜30〕	〔19｜18｜31〕
19	〔19｜18｜31〕	〔19｜18｜32〕
19	〔19｜18｜32〕	〔19｜18｜33〕
19	〔19｜18｜33〕	〔19｜18｜34〕
19	〔19｜18｜34〕	〔19｜18｜35〕
19	〔19｜18｜35〕	〔19｜18｜36〕
19	〔19｜18｜36〕	〔19｜18｜37〕
19	〔19｜18｜37〕	〔19｜18｜38〕
19	〔19｜18｜38〕	〔19｜18｜39〕
19	〔19｜18｜39〕	〔19｜18｜40〕
19	〔19｜18｜3〕	〔19｜18｜4〕
19	〔19｜18｜40〕	〔19｜18｜41〕
19	〔19｜18｜41〕	〔19｜18｜42〕
19	〔19｜18｜42〕	〔19｜18｜43〕
19	〔19｜18｜43〕	〔19｜18｜44〕
19	〔19｜18｜44〕	〔19｜18｜45〕
19	〔19｜18｜45〕	〔19｜18｜46〕
19	〔19｜18｜46〕	〔19｜18｜47〕
19	〔19｜18｜47〕	〔19｜18｜48〕
19	〔19｜18｜48〕	〔19｜18｜49〕
19	〔19｜18｜49〕	〔19｜18｜50〕
19	〔19｜18｜4〕	〔19｜18｜5〕
19	〔19｜18｜50〕	〔19｜18｜51〕
19	〔19｜18｜5〕	〔19｜18｜6〕
19	〔19｜18｜6〕	〔19｜18｜7〕
19	〔19｜18｜7〕	〔19｜18｜8〕
19	〔19｜18｜8〕	〔19｜18｜9〕
19	〔19｜18｜9〕	〔19｜18｜10〕
19	〔19｜19｜10〕	〔19｜19｜11〕
19	〔19｜19｜11〕	〔19｜19｜12〕
19	〔19｜19｜12〕	〔19｜19｜13〕
19	〔19｜19｜13〕	〔19｜19｜14〕
19	〔19｜19｜14〕	〔19｜19｜15〕
19	〔19｜19｜1〕	〔19｜19｜1〕
19	〔19｜19｜1〕	〔19｜19｜2〕
19	〔19｜19｜2〕	〔19｜19｜3〕
19	〔19｜19｜3〕	〔19｜19｜4〕
19	〔19｜19｜4〕	〔19｜19｜5〕
19	〔19｜19｜5〕	〔19｜19｜6〕
19	〔19｜19｜6〕	〔19｜19｜7〕
19	〔19｜19｜7〕	〔19｜19｜8〕
19	〔19｜19｜8〕	〔19｜19｜9〕
19	〔19｜19｜9〕	〔19｜19｜10〕
19	〔19｜20｜1〕	〔19｜20｜1〕
19	〔19｜20｜1〕	〔19｜20｜2〕
19	〔19｜20｜2〕	〔19｜20｜3〕
19	〔19｜20｜3〕	〔19｜20｜4〕
19	〔19｜20｜4〕	〔19｜20｜5〕
19	〔19｜20｜5〕	〔19｜20｜6〕
19	〔19｜20｜6〕	〔19｜20｜7〕
19	〔19｜20｜7〕	〔19｜20｜8〕
19	〔19｜20｜8〕	〔19｜20｜9〕
19	〔19｜20｜9〕	〔19｜20｜10〕
19	〔19｜21｜10〕	〔19｜21｜11〕
19	〔19｜21｜11〕	〔19｜21｜12〕
19	〔19｜21｜12〕	〔19｜21｜13〕
19	〔19｜21｜13〕	〔19｜21｜14〕
19	〔19｜21｜1〕	〔19｜21｜1〕
19	〔19｜21｜1〕	〔19｜21｜2〕
19	〔19｜21｜2〕	〔19｜21｜3〕
19	〔19｜21｜3〕	〔19｜21｜4〕
19	〔19｜21｜4〕	〔19｜21｜5〕
19	〔19｜21｜5〕	〔19｜21｜6〕
19	〔19｜21｜6〕	〔19｜21｜7〕
19	〔19｜21｜7〕	〔19｜21｜8〕
19	〔19｜21｜8〕	〔19｜21｜9〕
19	〔19｜21｜9〕	〔19｜21｜10〕
19	〔19｜22｜10〕	〔19｜22｜11〕
19	〔19｜22｜11〕	〔19｜22｜12〕
19	〔19｜22｜12〕	〔19｜22｜13〕
19	〔19｜22｜13〕	〔19｜22｜14〕
19	〔19｜22｜14〕	〔19｜22｜15〕
19	〔19｜22｜15〕	〔19｜22｜16〕
19	〔19｜22｜16〕	〔19｜22｜17〕
19	〔19｜22｜17〕	〔19｜22｜18〕
19	〔19｜22｜18〕	〔19｜22｜19〕
19	〔19｜22｜19〕	〔19｜22｜20〕
19	〔19｜22｜1〕	〔19｜22｜1〕
19	〔19｜22｜1〕	〔19｜22｜2〕
19	〔19｜22｜20〕	〔19｜22｜21〕
19	〔19｜22｜21〕	〔19｜22｜22〕
19	〔19｜22｜22〕	〔19｜22｜23〕
19	〔19｜22｜23〕	〔19｜22｜24〕
19	〔19｜22｜24〕	〔19｜22｜25〕
19	〔19｜22｜25〕	〔19｜22｜26〕
19	〔19｜22｜26〕	〔19｜22｜27〕
19	〔19｜22｜27〕	〔19｜22｜28〕
19	〔19｜22｜28〕	〔19｜22｜29〕
19	〔19｜22｜29〕	〔19｜22｜30〕
19	〔19｜22｜2〕	〔19｜22｜3〕
19	〔19｜22｜30〕	〔19｜22｜31〕
19	〔19｜22｜31〕	〔19｜22｜32〕
19	〔19｜22｜3〕	〔19｜22｜4〕
19	〔19｜22｜4〕	〔19｜22｜5〕
19	〔19｜22｜5〕	〔19｜22｜6〕
19	〔19｜22｜6〕	〔19｜22｜7〕
19	〔19｜22｜7〕	〔19｜22｜8〕
19	〔19｜22｜8〕	〔19｜22｜9〕
19	〔19｜22｜9〕	〔19｜22｜10〕
19	〔19｜30｜10〕	〔19｜30｜11〕
19	〔19｜30｜11〕	〔19｜30｜12〕
19	〔19｜30｜12〕	〔19｜30｜13〕
19	〔19｜30｜1〕	〔19｜30｜1〕
19	〔19｜30｜1〕	〔19｜30｜2〕
19	〔19｜30｜2〕	〔19｜30｜3〕
19	〔19｜30｜3〕	〔19｜30｜4〕
19	〔19｜30｜4〕	〔19｜30｜5〕
19	〔19｜30｜5〕	〔19｜30｜6〕
19	〔19｜30｜6〕	〔19｜30｜7〕
19	〔19｜30｜7〕	〔19｜30｜8〕
19	〔19｜30｜8〕	〔19｜30｜9〕
19	〔19｜30｜9〕	〔19｜30｜10〕
19	〔19｜31｜10〕	〔19｜31｜11〕
19	〔19｜31｜11〕	〔19｜31｜12〕
19	〔19｜31｜12〕	〔19｜31｜13〕
19	〔19｜31｜13〕	〔19｜31｜14〕
19	〔19｜31｜14〕	〔19｜31｜15〕
19	〔19｜31｜15〕	〔19｜31｜16〕
19	〔19｜31｜16〕	〔19｜31｜17〕
19	〔19｜31｜17〕	〔19｜31｜18〕
19	〔19｜31｜18〕	〔19｜31｜19〕
19	〔19｜31｜19〕	〔19｜31｜20〕
19	〔19｜31｜1〕	〔19｜31｜1〕
19	〔19｜31｜1〕	〔19｜31｜2〕
19	〔19｜31｜20〕	〔19｜31｜21〕
19	〔19｜31｜21〕	〔19｜31｜22〕
19	〔19｜31｜22〕	〔19｜31｜23〕
19	〔19｜31｜23〕	〔19｜31｜24〕
19	〔19｜31｜24〕	〔19｜31｜25〕
19	〔19｜31｜2〕	〔19｜31｜3〕
19	〔19｜31｜3〕	〔19｜31｜4〕
19	〔19｜31｜4〕	〔19｜31｜5〕
19	〔19｜31｜5〕	〔19｜31｜6〕
19	〔19｜31｜6〕	〔19｜31｜7〕
19	〔19｜31｜7〕	〔19｜31｜8〕
19	〔19｜31｜8〕	〔19｜31｜9〕
19	〔19｜31｜9〕	〔19｜31｜10〕
19	〔19｜34｜10〕	〔19｜34｜11〕
19	〔19｜34｜11〕	〔19｜34｜12〕
19	〔19｜34｜12〕	〔19｜34｜13〕
19	〔19｜34｜13〕	〔19｜34｜14〕
19	〔19｜34｜14〕	〔19｜34｜15〕
19	〔19｜34｜15〕	〔19｜34｜16〕
19	〔19｜34｜16〕	〔19｜34｜17〕
19	〔19｜34｜17〕	〔19｜34｜18〕
19	〔19｜34｜18〕	〔19｜34｜19〕
19	〔19｜34｜19〕	〔19｜34｜20〕
19	〔19｜34｜1〕	〔19｜34｜1〕
19	〔19｜34｜1〕	〔19｜34｜2〕
19	〔19｜34｜20〕	〔19｜34｜21〕
19	〔19｜34｜21〕	〔19｜34｜22〕
19	〔19｜34｜22〕	〔19｜34｜23〕
19	〔19｜34｜2〕	〔19｜34｜3〕
19	〔19｜34｜3〕	〔19｜34｜4〕
19	〔19｜34｜4〕	〔19｜34｜5〕
19	〔19｜34｜5〕	〔19｜34｜6〕
19	〔19｜34｜6〕	〔19｜34｜7〕
19	〔19｜34｜7〕	〔19｜34｜8〕
19	〔19｜34｜8〕	〔19｜34｜9〕
19	〔19｜34｜9〕	〔19｜34｜10〕
19	〔19｜36｜10〕	〔19｜36｜11〕
19	〔19｜36｜11〕	〔19｜36｜12〕
19	〔19｜36｜12〕	〔19｜36｜13〕
19	〔19｜36｜1〕	〔19｜36｜1〕
19	〔19｜36｜1〕	〔19｜36｜2〕
19	〔19｜36｜2〕	〔19｜36｜3〕
19	〔19｜36｜3〕	〔19｜36｜4〕
19	〔19｜36｜4〕	〔19｜36｜5〕
19	〔19｜36｜5〕	〔19｜36｜6〕
19	〔19｜36｜6〕	〔19｜36｜7〕
19	〔19｜36｜7〕	〔19｜36｜8〕
19	〔19｜36｜8〕	〔19｜36｜9〕
19	〔19｜36｜9〕	〔19｜36｜10〕
19	〔19｜38｜10〕	〔19｜38｜11〕
19	〔19｜38｜11〕	〔19｜38｜12〕
19	〔19｜38｜12〕	〔19｜38｜13〕
19	〔19｜38｜13〕	〔19｜38｜14〕
19	〔19｜38｜14〕	〔19｜38｜15〕
19	〔19｜38｜15〕	〔19｜38｜16〕
19	〔19｜38｜16〕	〔19｜38｜17〕
19	〔19｜38｜17〕	〔19｜38｜18〕
19	〔19｜38｜18〕	〔19｜38｜19〕
19	〔19｜38｜19〕	〔19｜38｜20〕
19	〔19｜38｜1〕	〔19｜38｜1〕
19	〔19｜38｜1〕	〔19｜38｜2〕
19	〔19｜38｜20〕	〔19｜38｜21〕
19	〔19｜38｜21〕	〔19｜38｜22〕
19	〔19｜38｜22〕	〔19｜38｜23〕
19	〔19｜38｜2〕	〔19｜38｜3〕
19	〔19｜38｜3〕	〔19｜38｜4〕
19	〔19｜38｜4〕	〔19｜38｜5〕
19	〔19｜38｜5〕	〔19｜38｜6〕
19	〔19｜38｜6〕	〔19｜38｜7〕
19	〔19｜38｜7〕	〔19｜38｜8〕
19	〔19｜38｜8〕	〔19｜38｜9〕
19	〔19｜38｜9〕	〔19｜38｜10〕
19	〔19｜39｜10〕	〔19｜39｜11〕
19	〔19｜39｜11〕	〔19｜39｜12〕
19	〔19｜39｜12〕	〔19｜39｜13〕
19	〔19｜39｜13〕	〔19｜39｜14〕
19	〔19｜39｜1〕	〔19｜39｜1〕
19	〔19｜39｜1〕	〔19｜39｜2〕
19	〔19｜39｜2〕	〔19｜39｜3〕
19	〔19｜39｜3〕	〔19｜39｜4〕
19	〔19｜39｜4〕	〔19｜39｜5〕
19	〔19｜39｜5〕	〔19｜39｜6〕
19	〔19｜39｜6〕	〔19｜39｜7〕
19	〔19｜39｜7〕	〔19｜39｜8〕
19	〔19｜39｜8〕	〔19｜39｜9〕
19	〔19｜39｜9〕	〔19｜39｜10〕
19	〔19｜3｜1〕	〔19｜3｜1〕
19	〔19｜3｜1〕	〔19｜3｜2〕
19	〔19｜3｜2〕	〔19｜3｜3〕
19	〔19｜3｜3〕	〔19｜3｜4〕
19	〔19｜3｜4〕	〔19｜3｜5〕
19	〔19｜3｜5〕	〔19｜3｜6〕
19	〔19｜3｜6〕	〔19｜3｜7〕
19	〔19｜3｜7〕	〔19｜3｜8〕
19	〔19｜3｜8〕	〔19｜3｜9〕
19	〔19｜40｜10〕	〔19｜40｜11〕
19	〔19｜40｜11〕	〔19｜40｜12〕
19	〔19｜40｜12〕	〔19｜40｜13〕
19	〔19｜40｜13〕	〔19｜40｜14〕
19	〔19｜40｜14〕	〔19｜40｜15〕
19	〔19｜40｜15〕	〔19｜40｜16〕
19	〔19｜40｜16〕	〔19｜40｜17〕
19	〔19｜40｜17〕	〔19｜40｜18〕
19	〔19｜40｜1〕	〔19｜40｜1〕
19	〔19｜40｜1〕	〔19｜40｜2〕
19	〔19｜40｜2〕	〔19｜40｜3〕
19	〔19｜40｜3〕	〔19｜40｜4〕
19	〔19｜40｜4〕	〔19｜40｜5〕
19	〔19｜40｜5〕	〔19｜40｜6〕
19	〔19｜40｜6〕	〔19｜40｜7〕
19	〔19｜40｜7〕	〔19｜40｜8〕
19	〔19｜40｜8〕	〔19｜40｜9〕
19	〔19｜40｜9〕	〔19｜40｜10〕
19	〔19｜41｜10〕	〔19｜41｜11〕
19	〔19｜41｜11〕	〔19｜41｜12〕
19	〔19｜41｜12〕	〔19｜41｜13〕
19	〔19｜41｜13〕	〔19｜41｜14〕
19	〔19｜41｜1〕	〔19｜41｜1〕
19	〔19｜41｜1〕	〔19｜41｜2〕
19	〔19｜41｜2〕	〔19｜41｜3〕
19	〔19｜41｜3〕	〔19｜41｜4〕
19	〔19｜41｜4〕	〔19｜41｜5〕
19	〔19｜41｜5〕	〔19｜41｜6〕
19	〔19｜41｜6〕	〔19｜41｜7〕
19	〔19｜41｜7〕	〔19｜41｜8〕
19	〔19｜41｜8〕	〔19｜41｜9〕
19	〔19｜41｜9〕	〔19｜41｜10〕
19	〔19｜42｜10〕	〔19｜42｜11〕
19	〔19｜42｜11〕	〔19｜42｜12〕
19	〔19｜42｜1〕	〔19｜42｜1〕
19	〔19｜42｜1〕	〔19｜42｜2〕
19	〔19｜42｜2〕	〔19｜42｜3〕
19	〔19｜42｜3〕	〔19｜42｜4〕
19	〔19｜42｜4〕	〔19｜42｜5〕
19	〔19｜42｜5〕	〔19｜42｜6〕
19	〔19｜42｜6〕	〔19｜42｜7〕
19	〔19｜42｜7〕	〔19｜42｜8〕
19	〔19｜42｜8〕	〔19｜42｜9〕
19	〔19｜42｜9〕	〔19｜42｜10〕
19	〔19｜44｜10〕	〔19｜44｜11〕
19	〔19｜44｜11〕	〔19｜44｜12〕
19	〔19｜44｜12〕	〔19｜44｜13〕
19	〔19｜44｜13〕	〔19｜44｜14〕
19	〔19｜44｜14〕	〔19｜44｜15〕
19	〔19｜44｜15〕	〔19｜44｜16〕
19	〔19｜44｜16〕	〔19｜44｜17〕
19	〔19｜44｜17〕	〔19｜44｜18〕
19	〔19｜44｜18〕	〔19｜44｜19〕
19	〔19｜44｜19〕	〔19｜44｜20〕
19	〔19｜44｜1〕	〔19｜44｜1〕
19	〔19｜44｜1〕	〔19｜44｜2〕
19	〔19｜44｜20〕	〔19｜44｜21〕
19	〔19｜44｜21〕	〔19｜44｜22〕
19	〔19｜44｜22〕	〔19｜44｜23〕
19	〔19｜44｜23〕	〔19｜44｜24〕
19	〔19｜44｜24〕	〔19｜44｜25〕
19	〔19｜44｜25〕	〔19｜44｜26〕
19	〔19｜44｜26〕	〔19｜44｜27〕
19	〔19｜44｜2〕	〔19｜44｜3〕
19	〔19｜44｜3〕	〔19｜44｜4〕
19	〔19｜44｜4〕	〔19｜44｜5〕
19	〔19｜44｜5〕	〔19｜44｜6〕
19	〔19｜44｜6〕	〔19｜44｜7〕
19	〔19｜44｜7〕	〔19｜44｜8〕
19	〔19｜44｜8〕	〔19｜44｜9〕
19	〔19｜44｜9〕	〔19｜44｜10〕
19	〔19｜45｜10〕	〔19｜45｜11〕
19	〔19｜45｜11〕	〔19｜45｜12〕
19	〔19｜45｜12〕	〔19｜45｜13〕
19	〔19｜45｜13〕	〔19｜45｜14〕
19	〔19｜45｜14〕	〔19｜45｜15〕
19	〔19｜45｜15〕	〔19｜45｜16〕
19	〔19｜45｜16〕	〔19｜45｜17〕
19	〔19｜45｜17〕	〔19｜45｜18〕
19	〔19｜45｜1〕	〔19｜45｜1〕
19	〔19｜45｜1〕	〔19｜45｜2〕
19	〔19｜45｜2〕	〔19｜45｜3〕
19	〔19｜45｜3〕	〔19｜45｜4〕
19	〔19｜45｜4〕	〔19｜45｜5〕
19	〔19｜45｜5〕	〔19｜45｜6〕
19	〔19｜45｜6〕	〔19｜45｜7〕
19	〔19｜45｜7〕	〔19｜45｜8〕
19	〔19｜45｜8〕	〔19｜45｜9〕
19	〔19｜45｜9〕	〔19｜45｜10〕
19	〔19｜46｜10〕	〔19｜46｜11〕
19	〔19｜46｜11〕	〔19｜46｜12〕
19	〔19｜46｜1〕	〔19｜46｜1〕
19	〔19｜46｜1〕	〔19｜46｜2〕
19	〔19｜46｜2〕	〔19｜46｜3〕
19	〔19｜46｜3〕	〔19｜46｜4〕
19	〔19｜46｜4〕	〔19｜46｜5〕
19	〔19｜46｜5〕	〔19｜46｜6〕
19	〔19｜46｜6〕	〔19｜46｜7〕
19	〔19｜46｜7〕	〔19｜46｜8〕
19	〔19｜46｜8〕	〔19｜46｜9〕
19	〔19｜46｜9〕	〔19｜46｜10〕
19	〔19｜47｜1〕	〔19｜47｜1〕
19	〔19｜47｜1〕	〔19｜47｜2〕
19	〔19｜47｜2〕	〔19｜47｜3〕
19	〔19｜47｜3〕	〔19｜47｜4〕
19	〔19｜47｜4〕	〔19｜47｜5〕
19	〔19｜47｜5〕	〔19｜47｜6〕
19	〔19｜47｜6〕	〔19｜47｜7〕
19	〔19｜47｜7〕	〔19｜47｜8〕
19	〔19｜47｜8〕	〔19｜47｜9〕
19	〔19｜47｜9〕	〔19｜47｜10〕
19	〔19｜48｜10〕	〔19｜48｜11〕
19	〔19｜48｜11〕	〔19｜48｜12〕
19	〔19｜48｜12〕	〔19｜48｜13〕
19	〔19｜48｜13〕	〔19｜48｜14〕
19	〔19｜48｜14〕	〔19｜48｜15〕
19	〔19｜48｜1〕	〔19｜48｜1〕
19	〔19｜48｜1〕	〔19｜48｜2〕
19	〔19｜48｜2〕	〔19｜48｜3〕
19	〔19｜48｜3〕	〔19｜48｜4〕
19	〔19｜48｜4〕	〔19｜48｜5〕
19	〔19｜48｜5〕	〔19｜48｜6〕
19	〔19｜48｜6〕	〔19｜48｜7〕
19	〔19｜48｜7〕	〔19｜48｜8〕
19	〔19｜48｜8〕	〔19｜48｜9〕
19	〔19｜48｜9〕	〔19｜48｜10〕
19	〔19｜49｜10〕	〔19｜49｜11〕
19	〔19｜49｜11〕	〔19｜49｜12〕
19	〔19｜49｜12〕	〔19｜49｜13〕
19	〔19｜49｜13〕	〔19｜49｜14〕
19	〔19｜49｜14〕	〔19｜49｜15〕
19	〔19｜49｜15〕	〔19｜49｜16〕
19	〔19｜49｜16〕	〔19｜49｜17〕
19	〔19｜49｜17〕	〔19｜49｜18〕
19	〔19｜49｜18〕	〔19｜49｜19〕
19	〔19｜49｜19〕	〔19｜49｜20〕
19	〔19｜49｜1〕	〔19｜49｜1〕
19	〔19｜49｜1〕	〔19｜49｜2〕
19	〔19｜49｜20〕	〔19｜49｜21〕
19	〔19｜49｜2〕	〔19｜49｜3〕
19	〔19｜49｜3〕	〔19｜49｜4〕
19	〔19｜49｜4〕	〔19｜49｜5〕
19	〔19｜49｜5〕	〔19｜49｜6〕
19	〔19｜49｜6〕	〔19｜49｜7〕
19	〔19｜49｜7〕	〔19｜49｜8〕
19	〔19｜49｜8〕	〔19｜49｜9〕
19	〔19｜49｜9〕	〔19｜49｜10〕
19	〔19｜4｜1〕	〔19｜4｜1〕
19	〔19｜4｜1〕	〔19｜4｜2〕
19	〔19｜4｜2〕	〔19｜4｜3〕
19	〔19｜4｜3〕	〔19｜4｜4〕
19	〔19｜4｜4〕	〔19｜4｜5〕
19	〔19｜4｜5〕	〔19｜4｜6〕
19	〔19｜4｜6〕	〔19｜4｜7〕
19	〔19｜4｜7〕	〔19｜4｜8〕
19	〔19｜4｜8〕	〔19｜4｜9〕
19	〔19｜51｜10〕	〔19｜51｜12〕
19	〔19｜51｜11〕	〔19｜51｜13〕
19	〔19｜51｜12〕	〔19｜51｜14〕
19	〔19｜51｜13〕	〔19｜51｜15〕
19	〔19｜51｜14〕	〔19｜51｜16〕
19	〔19｜51｜15〕	〔19｜51｜17〕
19	〔19｜51｜16〕	〔19｜51｜18〕
19	〔19｜51｜17〕	〔19｜51｜19〕
19	〔19｜51｜18〕	〔19｜51｜20〕
19	〔19｜51｜19〕	〔19｜51｜21〕
19	〔19｜51｜1〕	〔19｜51｜1〕
19	〔19｜51｜1〕	〔19｜51｜2〕
19	〔19｜51｜1〕	〔19｜51｜3〕
19	〔19｜51｜2〕	〔19｜51｜4〕
19	〔19｜51｜3〕	〔19｜51｜5〕
19	〔19｜51｜4〕	〔19｜51｜6〕
19	〔19｜51｜5〕	〔19｜51｜7〕
19	〔19｜51｜6〕	〔19｜51｜8〕
19	〔19｜51｜7〕	〔19｜51｜9〕
19	〔19｜51｜8〕	〔19｜51｜10〕
19	〔19｜51｜9〕	〔19｜51｜11〕
19	〔19｜52｜1〕	〔19｜52｜1〕
19	〔19｜52｜1〕	〔19｜52｜2〕
19	〔19｜52｜1〕	〔19｜52｜3〕
19	〔19｜52｜2〕	〔19｜52｜4〕
19	〔19｜52｜3〕	〔19｜52｜5〕
19	〔19｜52｜4〕	〔19｜52｜6〕
19	〔19｜52｜5〕	〔19｜52｜7〕
19	〔19｜52｜6〕	〔19｜52｜8〕
19	〔19｜52｜7〕	〔19｜52｜9〕
19	〔19｜52｜8〕	〔19｜52｜10〕
19	〔19｜52｜9〕	〔19｜52｜11〕
19	〔19｜53｜1〕	〔19｜53｜1〕
19	〔19｜53｜1〕	〔19｜53｜2〕
19	〔19｜53｜2〕	〔19｜53｜3〕
19	〔19｜53｜3〕	〔19｜53｜4〕
19	〔19｜53｜4〕	〔19｜53｜5〕
19	〔19｜53｜5〕	〔19｜53｜6〕
19	〔19｜53｜6〕	〔19｜53｜7〕
19	〔19｜54｜1〕	〔19｜54｜1〕
19	〔19｜54｜1〕	〔19｜54｜2〕
19	〔19｜54｜1〕	〔19｜54｜3〕
19	〔19｜54｜2〕	〔19｜54｜4〕
19	〔19｜54｜3〕	〔19｜54｜5〕
19	〔19｜54｜4〕	〔19｜54｜6〕
19	〔19｜54｜5〕	〔19｜54｜7〕
19	〔19｜54｜6〕	〔19｜54｜8〕
19	〔19｜54｜7〕	〔19｜54｜9〕
19	〔19｜55｜10〕	〔19｜55｜11〕
19	〔19｜55｜11〕	〔19｜55｜12〕
19	〔19｜55｜12〕	〔19｜55｜13〕
19	〔19｜55｜13〕	〔19｜55｜14〕
19	〔19｜55｜14〕	〔19｜55｜15〕
19	〔19｜55｜15〕	〔19｜55｜16〕
19	〔19｜55｜16〕	〔19｜55｜17〕
19	〔19｜55｜17〕	〔19｜55｜18〕
19	〔19｜55｜18〕	〔19｜55｜19〕
19	〔19｜55｜19〕	〔19｜55｜20〕
19	〔19｜55｜1〕	〔19｜55｜1〕
19	〔19｜55｜1〕	〔19｜55｜2〕
19	〔19｜55｜20〕	〔19｜55｜21〕
19	〔19｜55｜21〕	〔19｜55｜22〕
19	〔19｜55｜22〕	〔19｜55｜23〕
19	〔19｜55｜23〕	〔19｜55｜24〕
19	〔19｜55｜2〕	〔19｜55｜3〕
19	〔19｜55｜3〕	〔19｜55｜4〕
19	〔19｜55｜4〕	〔19｜55｜5〕
19	〔19｜55｜5〕	〔19｜55｜6〕
19	〔19｜55｜6〕	〔19｜55｜7〕
19	〔19｜55｜7〕	〔19｜55｜8〕
19	〔19｜55｜8〕	〔19｜55｜9〕
19	〔19｜55｜9〕	〔19｜55｜10〕
19	〔19｜56｜10〕	〔19｜56｜11〕
19	〔19｜56｜11〕	〔19｜56｜12〕
19	〔19｜56｜12〕	〔19｜56｜13〕
19	〔19｜56｜13〕	〔19｜56｜14〕
19	〔19｜56｜1〕	〔19｜56｜1〕
19	〔19｜56｜1〕	〔19｜56｜2〕
19	〔19｜56｜2〕	〔19｜56｜3〕
19	〔19｜56｜3〕	〔19｜56｜4〕
19	〔19｜56｜4〕	〔19｜56｜5〕
19	〔19｜56｜5〕	〔19｜56｜6〕
19	〔19｜56｜6〕	〔19｜56｜7〕
19	〔19｜56｜7〕	〔19｜56｜8〕
19	〔19｜56｜8〕	〔19｜56｜9〕
19	〔19｜56｜9〕	〔19｜56｜10〕
19	〔19｜57｜10〕	〔19｜57｜11〕
19	〔19｜57｜11〕	〔19｜57｜12〕
19	〔19｜57｜1〕	〔19｜57｜1〕
19	〔19｜57｜1〕	〔19｜57｜2〕
19	〔19｜57｜2〕	〔19｜57｜3〕
19	〔19｜57｜3〕	〔19｜57｜4〕
19	〔19｜57｜4〕	〔19｜57｜5〕
19	〔19｜57｜5〕	〔19｜57｜6〕
19	〔19｜57｜6〕	〔19｜57｜7〕
19	〔19｜57｜7〕	〔19｜57｜8〕
19	〔19｜57｜8〕	〔19｜57｜9〕
19	〔19｜57｜9〕	〔19｜57｜10〕
19	〔19｜58｜10〕	〔19｜58｜11〕
19	〔19｜58｜11〕	〔19｜58｜12〕
19	〔19｜58｜1〕	〔19｜58｜1〕
19	〔19｜58｜1〕	〔19｜58｜2〕
19	〔19｜58｜2〕	〔19｜58｜3〕
19	〔19｜58｜3〕	〔19｜58｜4〕
19	〔19｜58｜4〕	〔19｜58｜5〕
19	〔19｜58｜5〕	〔19｜58｜6〕
19	〔19｜58｜6〕	〔19｜58｜7〕
19	〔19｜58｜7〕	〔19｜58｜8〕
19	〔19｜58｜8〕	〔19｜58｜9〕
19	〔19｜58｜9〕	〔19｜58｜10〕
19	〔19｜59｜10〕	〔19｜59｜11〕
19	〔19｜59｜11〕	〔19｜59｜12〕
19	〔19｜59｜12〕	〔19｜59｜13〕
19	〔19｜59｜13〕	〔19｜59｜14〕
19	〔19｜59｜14〕	〔19｜59｜15〕
19	〔19｜59｜15〕	〔19｜59｜16〕
19	〔19｜59｜16〕	〔19｜59｜17〕
19	〔19｜59｜17〕	〔19｜59｜18〕
19	〔19｜59｜1〕	〔19｜59｜1〕
19	〔19｜59｜1〕	〔19｜59｜2〕
19	〔19｜59｜2〕	〔19｜59｜3〕
19	〔19｜59｜3〕	〔19｜59｜4〕
19	〔19｜59｜4〕	〔19｜59｜5〕
19	〔19｜59｜5〕	〔19｜59｜6〕
19	〔19｜59｜6〕	〔19｜59｜7〕
19	〔19｜59｜7〕	〔19｜59｜8〕
19	〔19｜59｜8〕	〔19｜59｜9〕
19	〔19｜59｜9〕	〔19｜59｜10〕
19	〔19｜5｜10〕	〔19｜5｜11〕
19	〔19｜5｜11〕	〔19｜5｜12〕
19	〔19｜5｜12〕	〔19｜5｜13〕
19	〔19｜5｜1〕	〔19｜5｜1〕
19	〔19｜5｜1〕	〔19｜5｜2〕
19	〔19｜5｜2〕	〔19｜5｜3〕
19	〔19｜5｜3〕	〔19｜5｜4〕
19	〔19｜5｜4〕	〔19｜5｜5〕
19	〔19｜5｜5〕	〔19｜5｜6〕
19	〔19｜5｜6〕	〔19｜5｜7〕
19	〔19｜5｜7〕	〔19｜5｜8〕
19	〔19｜5｜8〕	〔19｜5｜9〕
19	〔19｜5｜9〕	〔19｜5｜10〕
19	〔19｜60｜10〕	〔19｜60｜12〕
19	〔19｜60｜11〕	〔19｜60｜13〕
19	〔19｜60｜12〕	〔19｜60｜14〕
19	〔19｜60｜1〕	〔19｜60｜1〕
19	〔19｜60｜1〕	〔19｜60｜2〕
19	〔19｜60｜1〕	〔19｜60｜3〕
19	〔19｜60｜2〕	〔19｜60｜4〕
19	〔19｜60｜3〕	〔19｜60｜5〕
19	〔19｜60｜4〕	〔19｜60｜6〕
19	〔19｜60｜5〕	〔19｜60｜7〕
19	〔19｜60｜6〕	〔19｜60｜8〕
19	〔19｜60｜7〕	〔19｜60｜9〕
19	〔19｜60｜8〕	〔19｜60｜10〕
19	〔19｜60｜9〕	〔19｜60｜11〕
19	〔19｜61｜1〕	〔19｜61｜1〕
19	〔19｜61｜1〕	〔19｜61｜2〕
19	〔19｜61｜2〕	〔19｜61｜3〕
19	〔19｜61｜3〕	〔19｜61｜4〕
19	〔19｜61｜4〕	〔19｜61｜5〕
19	〔19｜61｜5〕	〔19｜61｜6〕
19	〔19｜61｜6〕	〔19｜61｜7〕
19	〔19｜61｜7〕	〔19｜61｜8〕
19	〔19｜61｜8〕	〔19｜61｜9〕
19	〔19｜62｜10〕	〔19｜62｜11〕
19	〔19｜62｜11〕	〔19｜62｜12〕
19	〔19｜62｜12〕	〔19｜62｜13〕
19	〔19｜62｜1〕	〔19｜62｜1〕
19	〔19｜62｜1〕	〔19｜62｜2〕
19	〔19｜62｜2〕	〔19｜62｜3〕
19	〔19｜62｜3〕	〔19｜62｜4〕
19	〔19｜62｜4〕	〔19｜62｜5〕
19	〔19｜62｜5〕	〔19｜62｜6〕
19	〔19｜62｜6〕	〔19｜62｜7〕
19	〔19｜62｜7〕	〔19｜62｜8〕
19	〔19｜62｜8〕	〔19｜62｜9〕
19	〔19｜62｜9〕	〔19｜62｜10〕
19	〔19｜63｜10〕	〔19｜63｜11〕
19	〔19｜63｜11〕	〔19｜63｜12〕
19	〔19｜63｜1〕	〔19｜63｜1〕
19	〔19｜63｜1〕	〔19｜63｜2〕
19	〔19｜63｜2〕	〔19｜63｜3〕
19	〔19｜63｜3〕	〔19｜63｜4〕
19	〔19｜63｜4〕	〔19｜63｜5〕
19	〔19｜63｜5〕	〔19｜63｜6〕
19	〔19｜63｜6〕	〔19｜63｜7〕
19	〔19｜63｜7〕	〔19｜63｜8〕
19	〔19｜63｜8〕	〔19｜63｜9〕
19	〔19｜63｜9〕	〔19｜63｜10〕
19	〔19｜64｜10〕	〔19｜64｜11〕
19	〔19｜64｜1〕	〔19｜64｜1〕
19	〔19｜64｜1〕	〔19｜64｜2〕
19	〔19｜64｜2〕	〔19｜64｜3〕
19	〔19｜64｜3〕	〔19｜64｜4〕
19	〔19｜64｜4〕	〔19｜64｜5〕
19	〔19｜64｜5〕	〔19｜64｜6〕
19	〔19｜64｜6〕	〔19｜64｜7〕
19	〔19｜64｜7〕	〔19｜64｜8〕
19	〔19｜64｜8〕	〔19｜64｜9〕
19	〔19｜64｜9〕	〔19｜64｜10〕
19	〔19｜65｜10〕	〔19｜65｜11〕
19	〔19｜65｜11〕	〔19｜65｜12〕
19	〔19｜65｜12〕	〔19｜65｜13〕
19	〔19｜65｜13〕	〔19｜65｜14〕
19	〔19｜65｜1〕	〔19｜65｜1〕
19	〔19｜65｜1〕	〔19｜65｜2〕
19	〔19｜65｜2〕	〔19｜65｜3〕
19	〔19｜65｜3〕	〔19｜65｜4〕
19	〔19｜65｜4〕	〔19｜65｜5〕
19	〔19｜65｜5〕	〔19｜65｜6〕
19	〔19｜65｜6〕	〔19｜65｜7〕
19	〔19｜65｜7〕	〔19｜65｜8〕
19	〔19｜65｜8〕	〔19｜65｜9〕
19	〔19｜65｜9〕	〔19｜65｜10〕
19	〔19｜67｜1〕	〔19｜67｜1〕
19	〔19｜67｜1〕	〔19｜67｜2〕
19	〔19｜67｜2〕	〔19｜67｜3〕
19	〔19｜67｜3〕	〔19｜67｜4〕
19	〔19｜67｜4〕	〔19｜67｜5〕
19	〔19｜67｜5〕	〔19｜67｜6〕
19	〔19｜67｜6〕	〔19｜67｜7〕
19	〔19｜67｜7〕	〔19｜67｜8〕
19	〔19｜68｜10〕	〔19｜68｜11〕
19	〔19｜68｜11〕	〔19｜68｜12〕
19	〔19｜68｜12〕	〔19｜68｜13〕
19	〔19｜68｜13〕	〔19｜68｜14〕
19	〔19｜68｜14〕	〔19｜68｜15〕
19	〔19｜68｜15〕	〔19｜68｜16〕
19	〔19｜68｜16〕	〔19｜68｜17〕
19	〔19｜68｜17〕	〔19｜68｜18〕
19	〔19｜68｜18〕	〔19｜68｜19〕
19	〔19｜68｜19〕	〔19｜68｜20〕
19	〔19｜68｜1〕	〔19｜68｜1〕
19	〔19｜68｜1〕	〔19｜68｜2〕
19	〔19｜68｜20〕	〔19｜68｜21〕
19	〔19｜68｜21〕	〔19｜68｜22〕
19	〔19｜68｜22〕	〔19｜68｜23〕
19	〔19｜68｜23〕	〔19｜68｜24〕
19	〔19｜68｜24〕	〔19｜68｜25〕
19	〔19｜68｜25〕	〔19｜68｜26〕
19	〔19｜68｜26〕	〔19｜68｜27〕
19	〔19｜68｜27〕	〔19｜68｜28〕
19	〔19｜68｜28〕	〔19｜68｜29〕
19	〔19｜68｜29〕	〔19｜68｜30〕
19	〔19｜68｜2〕	〔19｜68｜3〕
19	〔19｜68｜30〕	〔19｜68｜31〕
19	〔19｜68｜31〕	〔19｜68｜32〕
19	〔19｜68｜32〕	〔19｜68｜33〕
19	〔19｜68｜33〕	〔19｜68｜34〕
19	〔19｜68｜34〕	〔19｜68｜35〕
19	〔19｜68｜35〕	〔19｜68｜36〕
19	〔19｜68｜3〕	〔19｜68｜4〕
19	〔19｜68｜4〕	〔19｜68｜5〕
19	〔19｜68｜5〕	〔19｜68｜6〕
19	〔19｜68｜6〕	〔19｜68｜7〕
19	〔19｜68｜7〕	〔19｜68｜8〕
19	〔19｜68｜8〕	〔19｜68｜9〕
19	〔19｜68｜9〕	〔19｜68｜10〕
19	〔19｜69｜10〕	〔19｜69｜11〕
19	〔19｜69｜11〕	〔19｜69｜12〕
19	〔19｜69｜12〕	〔19｜69｜13〕
19	〔19｜69｜13〕	〔19｜69｜14〕
19	〔19｜69｜14〕	〔19｜69｜15〕
19	〔19｜69｜15〕	〔19｜69｜16〕
19	〔19｜69｜16〕	〔19｜69｜17〕
19	〔19｜69｜17〕	〔19｜69｜18〕
19	〔19｜69｜18〕	〔19｜69｜19〕
19	〔19｜69｜19〕	〔19｜69｜20〕
19	〔19｜69｜1〕	〔19｜69｜1〕
19	〔19｜69｜1〕	〔19｜69｜2〕
19	〔19｜69｜20〕	〔19｜69｜21〕
19	〔19｜69｜21〕	〔19｜69｜22〕
19	〔19｜69｜22〕	〔19｜69｜23〕
19	〔19｜69｜23〕	〔19｜69｜24〕
19	〔19｜69｜24〕	〔19｜69｜25〕
19	〔19｜69｜25〕	〔19｜69｜26〕
19	〔19｜69｜26〕	〔19｜69｜27〕
19	〔19｜69｜27〕	〔19｜69｜28〕
19	〔19｜69｜28〕	〔19｜69｜29〕
19	〔19｜69｜29〕	〔19｜69｜30〕
19	〔19｜69｜2〕	〔19｜69｜3〕
19	〔19｜69｜30〕	〔19｜69｜31〕
19	〔19｜69｜31〕	〔19｜69｜32〕
19	〔19｜69｜32〕	〔19｜69｜33〕
19	〔19｜69｜33〕	〔19｜69｜34〕
19	〔19｜69｜34〕	〔19｜69｜35〕
19	〔19｜69｜35〕	〔19｜69｜36〕
19	〔19｜69｜36〕	〔19｜69｜37〕
19	〔19｜69｜3〕	〔19｜69｜4〕
19	〔19｜69｜4〕	〔19｜69｜5〕
19	〔19｜69｜5〕	〔19｜69｜6〕
19	〔19｜69｜6〕	〔19｜69｜7〕
19	〔19｜69｜7〕	〔19｜69｜8〕
19	〔19｜69｜8〕	〔19｜69｜9〕
19	〔19｜69｜9〕	〔19｜69｜10〕
19	〔19｜6｜10〕	〔19｜6｜11〕
19	〔19｜6｜1〕	〔19｜6｜1〕
19	〔19｜6｜1〕	〔19｜6｜2〕
19	〔19｜6｜2〕	〔19｜6｜3〕
19	〔19｜6｜3〕	〔19｜6｜4〕
19	〔19｜6｜4〕	〔19｜6｜5〕
19	〔19｜6｜5〕	〔19｜6｜6〕
19	〔19｜6｜6〕	〔19｜6｜7〕
19	〔19｜6｜7〕	〔19｜6｜8〕
19	〔19｜6｜8〕	〔19｜6｜9〕
19	〔19｜6｜9〕	〔19｜6｜10〕
19	〔19｜70｜1〕	〔19｜70｜1〕
19	〔19｜70｜1〕	〔19｜70｜2〕
19	〔19｜70｜2〕	〔19｜70｜3〕
19	〔19｜70｜3〕	〔19｜70｜4〕
19	〔19｜70｜4〕	〔19｜70｜5〕
19	〔19｜70｜5〕	〔19｜70｜6〕
19	〔19｜75｜10〕	〔19｜75｜11〕
19	〔19｜75｜1〕	〔19｜75｜1〕
19	〔19｜75｜1〕	〔19｜75｜2〕
19	〔19｜75｜2〕	〔19｜75｜3〕
19	〔19｜75｜3〕	〔19｜75｜4〕
19	〔19｜75｜4〕	〔19｜75｜5〕
19	〔19｜75｜5〕	〔19｜75｜6〕
19	〔19｜75｜6〕	〔19｜75｜7〕
19	〔19｜75｜7〕	〔19｜75｜8〕
19	〔19｜75｜8〕	〔19｜75｜9〕
19	〔19｜75｜9〕	〔19｜75｜10〕
19	〔19｜76｜10〕	〔19｜76｜11〕
19	〔19｜76｜11〕	〔19｜76｜12〕
19	〔19｜76｜12〕	〔19｜76｜13〕
19	〔19｜76｜1〕	〔19｜76｜1〕
19	〔19｜76｜1〕	〔19｜76｜2〕
19	〔19｜76｜2〕	〔19｜76｜3〕
19	〔19｜76｜3〕	〔19｜76｜4〕
19	〔19｜76｜4〕	〔19｜76｜5〕
19	〔19｜76｜5〕	〔19｜76｜6〕
19	〔19｜76｜6〕	〔19｜76｜7〕
19	〔19｜76｜7〕	〔19｜76｜8〕
19	〔19｜76｜8〕	〔19｜76｜9〕
19	〔19｜76｜9〕	〔19｜76｜10〕
19	〔19｜77｜10〕	〔19｜77｜11〕
19	〔19｜77｜11〕	〔19｜77｜12〕
19	〔19｜77｜12〕	〔19｜77｜13〕
19	〔19｜77｜13〕	〔19｜77｜14〕
19	〔19｜77｜14〕	〔19｜77｜15〕
19	〔19｜77｜15〕	〔19｜77｜16〕
19	〔19｜77｜16〕	〔19｜77｜17〕
19	〔19｜77｜17〕	〔19｜77｜18〕
19	〔19｜77｜18〕	〔19｜77｜19〕
19	〔19｜77｜19〕	〔19｜77｜20〕
19	〔19｜77｜1〕	〔19｜77｜1〕
19	〔19｜77｜1〕	〔19｜77｜2〕
19	〔19｜77｜20〕	〔19｜77｜21〕
19	〔19｜77｜2〕	〔19｜77｜3〕
19	〔19｜77｜3〕	〔19｜77｜4〕
19	〔19｜77｜4〕	〔19｜77｜5〕
19	〔19｜77｜5〕	〔19｜77｜6〕
19	〔19｜77｜6〕	〔19｜77｜7〕
19	〔19｜77｜7〕	〔19｜77｜8〕
19	〔19｜77｜8〕	〔19｜77｜9〕
19	〔19｜77｜9〕	〔19｜77｜10〕
19	〔19｜7｜10〕	〔19｜7｜11〕
19	〔19｜7｜11〕	〔19｜7｜12〕
19	〔19｜7｜12〕	〔19｜7｜13〕
19	〔19｜7｜13〕	〔19｜7｜14〕
19	〔19｜7｜14〕	〔19｜7｜15〕
19	〔19｜7｜15〕	〔19｜7｜16〕
19	〔19｜7｜16〕	〔19｜7｜17〕
19	〔19｜7｜17〕	〔19｜7｜18〕
19	〔19｜7｜1〕	〔19｜7｜1〕
19	〔19｜7｜1〕	〔19｜7｜2〕
19	〔19｜7｜2〕	〔19｜7｜3〕
19	〔19｜7｜3〕	〔19｜7｜4〕
19	〔19｜7｜4〕	〔19｜7｜5〕
19	〔19｜7｜5〕	〔19｜7｜6〕
19	〔19｜7｜6〕	〔19｜7｜7〕
19	〔19｜7｜7〕	〔19｜7｜8〕
19	〔19｜7｜8〕	〔19｜7｜9〕
19	〔19｜7｜9〕	〔19｜7｜10〕
19	〔19｜80｜10〕	〔19｜80｜11〕
19	〔19｜80｜11〕	〔19｜80｜12〕
19	〔19｜80｜12〕	〔19｜80｜13〕
19	〔19｜80｜13〕	〔19｜80｜14〕
19	〔19｜80｜14〕	〔19｜80｜15〕
19	〔19｜80｜15〕	〔19｜80｜16〕
19	〔19｜80｜16〕	〔19｜80｜17〕
19	〔19｜80｜17〕	〔19｜80｜18〕
19	〔19｜80｜18〕	〔19｜80｜19〕
19	〔19｜80｜19〕	〔19｜80｜20〕
19	〔19｜80｜1〕	〔19｜80｜1〕
19	〔19｜80｜1〕	〔19｜80｜2〕
19	〔19｜80｜2〕	〔19｜80｜3〕
19	〔19｜80｜3〕	〔19｜80｜4〕
19	〔19｜80｜4〕	〔19｜80｜5〕
19	〔19｜80｜5〕	〔19｜80｜6〕
19	〔19｜80｜6〕	〔19｜80｜7〕
19	〔19｜80｜7〕	〔19｜80｜8〕
19	〔19｜80｜8〕	〔19｜80｜9〕
19	〔19｜80｜9〕	〔19｜80｜10〕
19	〔19｜81｜10〕	〔19｜81｜11〕
19	〔19｜81｜11〕	〔19｜81｜12〕
19	〔19｜81｜12〕	〔19｜81｜13〕
19	〔19｜81｜13〕	〔19｜81｜14〕
19	〔19｜81｜14〕	〔19｜81｜15〕
19	〔19｜81｜15〕	〔19｜81｜16〕
19	〔19｜81｜16〕	〔19｜81｜17〕
19	〔19｜81｜1〕	〔19｜81｜1〕
19	〔19｜81｜1〕	〔19｜81｜2〕
19	〔19｜81｜2〕	〔19｜81｜3〕
19	〔19｜81｜3〕	〔19｜81｜4〕
19	〔19｜81｜4〕	〔19｜81｜5〕
19	〔19｜81｜5〕	〔19｜81｜6〕
19	〔19｜81｜6〕	〔19｜81｜7〕
19	〔19｜81｜7〕	〔19｜81｜8〕
19	〔19｜81｜8〕	〔19｜81｜9〕
19	〔19｜81｜9〕	〔19｜81｜10〕
19	〔19｜83｜10〕	〔19｜83｜11〕
19	〔19｜83｜11〕	〔19｜83｜12〕
19	〔19｜83｜12〕	〔19｜83｜13〕
19	〔19｜83｜13〕	〔19｜83｜14〕
19	〔19｜83｜14〕	〔19｜83｜15〕
19	〔19｜83｜15〕	〔19｜83｜16〕
19	〔19｜83｜16〕	〔19｜83｜17〕
19	〔19｜83｜17〕	〔19｜83｜18〕
19	〔19｜83｜18〕	〔19｜83｜19〕
19	〔19｜83｜1〕	〔19｜83｜1〕
19	〔19｜83｜1〕	〔19｜83｜2〕
19	〔19｜83｜2〕	〔19｜83｜3〕
19	〔19｜83｜3〕	〔19｜83｜4〕
19	〔19｜83｜4〕	〔19｜83｜5〕
19	〔19｜83｜5〕	〔19｜83｜6〕
19	〔19｜83｜6〕	〔19｜83｜7〕
19	〔19｜83｜7〕	〔19｜83｜8〕
19	〔19｜83｜8〕	〔19｜83｜9〕
19	〔19｜83｜9〕	〔19｜83｜10〕
19	〔19｜84｜10〕	〔19｜84｜11〕
19	〔19｜84｜11〕	〔19｜84｜12〕
19	〔19｜84｜12〕	〔19｜84｜13〕
19	〔19｜84｜1〕	〔19｜84｜1〕
19	〔19｜84｜1〕	〔19｜84｜2〕
19	〔19｜84｜2〕	〔19｜84｜3〕
19	〔19｜84｜3〕	〔19｜84｜4〕
19	〔19｜84｜4〕	〔19｜84｜5〕
19	〔19｜84｜5〕	〔19｜84｜6〕
19	〔19｜84｜6〕	〔19｜84｜7〕
19	〔19｜84｜7〕	〔19｜84｜8〕
19	〔19｜84｜8〕	〔19｜84｜9〕
19	〔19｜84｜9〕	〔19｜84｜10〕
19	〔19｜85｜10〕	〔19｜85｜11〕
19	〔19｜85｜11〕	〔19｜85｜12〕
19	〔19｜85｜12〕	〔19｜85｜13〕
19	〔19｜85｜13〕	〔19｜85｜14〕
19	〔19｜85｜1〕	〔19｜85｜1〕
19	〔19｜85｜1〕	〔19｜85｜2〕
19	〔19｜85｜2〕	〔19｜85｜3〕
19	〔19｜85｜3〕	〔19｜85｜4〕
19	〔19｜85｜4〕	〔19｜85｜5〕
19	〔19｜85｜5〕	〔19｜85｜6〕
19	〔19｜85｜6〕	〔19｜85｜7〕
19	〔19｜85｜7〕	〔19｜85｜8〕
19	〔19｜85｜8〕	〔19｜85｜9〕
19	〔19｜85｜9〕	〔19｜85｜10〕
19	〔19｜88｜10〕	〔19｜88｜11〕
19	〔19｜88｜11〕	〔19｜88｜12〕
19	〔19｜88｜12〕	〔19｜88｜13〕
19	〔19｜88｜13〕	〔19｜88｜14〕
19	〔19｜88｜14〕	〔19｜88｜15〕
19	〔19｜88｜15〕	〔19｜88｜16〕
19	〔19｜88｜16〕	〔19｜88｜17〕
19	〔19｜88｜17〕	〔19｜88｜18〕
19	〔19｜88｜18〕	〔19｜88｜19〕
19	〔19｜88｜1〕	〔19｜88｜1〕
19	〔19｜88｜1〕	〔19｜88｜2〕
19	〔19｜88｜2〕	〔19｜88｜3〕
19	〔19｜88｜3〕	〔19｜88｜4〕
19	〔19｜88｜4〕	〔19｜88｜5〕
19	〔19｜88｜5〕	〔19｜88｜6〕
19	〔19｜88｜6〕	〔19｜88｜7〕
19	〔19｜88｜7〕	〔19｜88｜8〕
19	〔19｜88｜8〕	〔19｜88｜9〕
19	〔19｜88｜9〕	〔19｜88｜10〕
19	〔19｜89｜10〕	〔19｜89｜11〕
19	〔19｜89｜11〕	〔19｜89｜12〕
19	〔19｜89｜12〕	〔19｜89｜13〕
19	〔19｜89｜13〕	〔19｜89｜14〕
19	〔19｜89｜14〕	〔19｜89｜15〕
19	〔19｜89｜15〕	〔19｜89｜16〕
19	〔19｜89｜16〕	〔19｜89｜17〕
19	〔19｜89｜17〕	〔19｜89｜18〕
19	〔19｜89｜18〕	〔19｜89｜19〕
19	〔19｜89｜19〕	〔19｜89｜20〕
19	〔19｜89｜1〕	〔19｜89｜1〕
19	〔19｜89｜1〕	〔19｜89｜2〕
19	〔19｜89｜20〕	〔19｜89｜21〕
19	〔19｜89｜21〕	〔19｜89｜22〕
19	〔19｜89｜22〕	〔19｜89｜23〕
19	〔19｜89｜23〕	〔19｜89｜24〕
19	〔19｜89｜24〕	〔19｜89｜25〕
19	〔19｜89｜25〕	〔19｜89｜26〕
19	〔19｜89｜26〕	〔19｜89｜27〕
19	〔19｜89｜27〕	〔19｜89｜28〕
19	〔19｜89｜28〕	〔19｜89｜29〕
19	〔19｜89｜29〕	〔19｜89｜30〕
19	〔19｜89｜2〕	〔19｜89｜3〕
19	〔19｜89｜30〕	〔19｜89｜31〕
19	〔19｜89｜31〕	〔19｜89｜32〕
19	〔19｜89｜32〕	〔19｜89｜33〕
19	〔19｜89｜33〕	〔19｜89｜34〕
19	〔19｜89｜34〕	〔19｜89｜35〕
19	〔19｜89｜35〕	〔19｜89｜36〕
19	〔19｜89｜36〕	〔19｜89｜37〕
19	〔19｜89｜37〕	〔19｜89｜38〕
19	〔19｜89｜38〕	〔19｜89｜39〕
19	〔19｜89｜39〕	〔19｜89｜40〕
19	〔19｜89｜3〕	〔19｜89｜4〕
19	〔19｜89｜40〕	〔19｜89｜41〕
19	〔19｜89｜41〕	〔19｜89｜42〕
19	〔19｜89｜42〕	〔19｜89｜43〕
19	〔19｜89｜43〕	〔19｜89｜44〕
19	〔19｜89｜44〕	〔19｜89｜45〕
19	〔19｜89｜45〕	〔19｜89｜46〕
19	〔19｜89｜46〕	〔19｜89｜47〕
19	〔19｜89｜47〕	〔19｜89｜48〕
19	〔19｜89｜48〕	〔19｜89｜49〕
19	〔19｜89｜49〕	〔19｜89｜50〕
19	〔19｜89｜4〕	〔19｜89｜5〕
19	〔19｜89｜50〕	〔19｜89｜51〕
19	〔19｜89｜51〕	〔19｜89｜52〕
19	〔19｜89｜52〕	〔19｜89｜53〕
19	〔19｜89｜5〕	〔19｜89｜6〕
19	〔19｜89｜6〕	〔19｜89｜7〕
19	〔19｜89｜7〕	〔19｜89｜8〕
19	〔19｜89｜8〕	〔19｜89｜9〕
19	〔19｜89｜9〕	〔19｜89｜10〕
19	〔19｜8｜1〕	〔19｜8｜1〕
19	〔19｜8｜1〕	〔19｜8｜2〕
19	〔19｜8｜2〕	〔19｜8｜3〕
19	〔19｜8｜3〕	〔19｜8｜4〕
19	〔19｜8｜4〕	〔19｜8｜5〕
19	〔19｜8｜5〕	〔19｜8｜6〕
19	〔19｜8｜6〕	〔19｜8｜7〕
19	〔19｜8｜7〕	〔19｜8｜8〕
19	〔19｜8｜8〕	〔19｜8｜9〕
19	〔19｜8｜9〕	〔19｜8｜10〕
19	〔19｜92｜10〕	〔19｜92｜11〕
19	〔19｜92｜11〕	〔19｜92｜12〕
19	〔19｜92｜12〕	〔19｜92｜13〕
19	〔19｜92｜13〕	〔19｜92｜14〕
19	〔19｜92｜14〕	〔19｜92｜15〕
19	〔19｜92｜15〕	〔19｜92｜16〕
19	〔19｜92｜1〕	〔19｜92｜1〕
19	〔19｜92｜1〕	〔19｜92｜2〕
19	〔19｜92｜2〕	〔19｜92｜3〕
19	〔19｜92｜3〕	〔19｜92｜4〕
19	〔19｜92｜4〕	〔19｜92｜5〕
19	〔19｜92｜5〕	〔19｜92｜6〕
19	〔19｜92｜6〕	〔19｜92｜7〕
19	〔19｜92｜7〕	〔19｜92｜8〕
19	〔19｜92｜8〕	〔19｜92｜9〕
19	〔19｜92｜9〕	〔19｜92｜10〕
19	〔19｜9｜10〕	〔19｜9｜11〕
19	〔19｜9｜11〕	〔19｜9｜12〕
19	〔19｜9｜12〕	〔19｜9｜13〕
19	〔19｜9｜13〕	〔19｜9｜14〕
19	〔19｜9｜14〕	〔19｜9｜15〕
19	〔19｜9｜15〕	〔19｜9｜16〕
19	〔19｜9｜16〕	〔19｜9｜17〕
19	〔19｜9｜17〕	〔19｜9｜18〕
19	〔19｜9｜18〕	〔19｜9｜19〕
19	〔19｜9｜19〕	〔19｜9｜20〕
19	〔19｜9｜1〕	〔19｜9｜1〕
19	〔19｜9｜1〕	〔19｜9｜2〕
19	〔19｜9｜20〕	〔19｜9｜21〕
19	〔19｜9｜2〕	〔19｜9｜3〕
19	〔19｜9｜3〕	〔19｜9｜4〕
19	〔19｜9｜4〕	〔19｜9｜5〕
19	〔19｜9｜5〕	〔19｜9｜6〕
19	〔19｜9｜6〕	〔19｜9｜7〕
19	〔19｜9｜7〕	〔19｜9｜8〕
19	〔19｜9｜8〕	〔19｜9｜9〕
19	〔19｜9｜9〕	〔19｜9｜10〕
2	〔2｜22｜10〕	〔2｜22｜9〕
2	〔2｜22｜11〕	〔2｜22｜10〕
2	〔2｜22｜12〕	〔2｜22｜11〕
2	〔2｜22｜13〕	〔2｜22｜12〕
2	〔2｜22｜14〕	〔2｜22｜13〕
2	〔2｜22｜15〕	〔2｜22｜14〕
2	〔2｜22｜16〕	〔2｜22｜15〕
2	〔2｜22｜17〕	〔2｜22｜16〕
2	〔2｜22｜18〕	〔2｜22｜17〕
2	〔2｜22｜19〕	〔2｜22｜18〕
2	〔2｜22｜1〕	〔2｜21｜37〕
2	〔2｜22｜20〕	〔2｜22｜19〕
2	〔2｜22｜21〕	〔2｜22｜20〕
2	〔2｜22｜22〕	〔2｜22｜21〕
2	〔2｜22｜23〕	〔2｜22｜22〕
2	〔2｜22｜24〕	〔2｜22｜23〕
2	〔2｜22｜25〕	〔2｜22｜24〕
2	〔2｜22｜26〕	〔2｜22｜25〕
2	〔2｜22｜27〕	〔2｜22｜26〕
2	〔2｜22｜28〕	〔2｜22｜27〕
2	〔2｜22｜29〕	〔2｜22｜28〕
2	〔2｜22｜2〕	〔2｜22｜1〕
2	〔2｜22｜30〕	〔2｜22｜29〕
2	〔2｜22｜31〕	〔2｜22｜30〕
2	〔2｜22｜3〕	〔2｜22｜2〕
2	〔2｜22｜4〕	〔2｜22｜3〕
2	〔2｜22｜5〕	〔2｜22｜4〕
2	〔2｜22｜6〕	〔2｜22｜5〕
2	〔2｜22｜7〕	〔2｜22｜6〕
2	〔2｜22｜8〕	〔2｜22｜7〕
2	〔2｜22｜9〕	〔2｜22｜8〕
2	〔2｜8｜10〕	〔2｜8｜6〕
2	〔2｜8｜11〕	〔2｜8｜7〕
2	〔2｜8｜12〕	〔2｜8｜8〕
2	〔2｜8｜13〕	〔2｜8｜9〕
2	〔2｜8｜14〕	〔2｜8｜10〕
2	〔2｜8｜15〕	〔2｜8｜11〕
2	〔2｜8｜16〕	〔2｜8｜12〕
2	〔2｜8｜17〕	〔2｜8｜13〕
2	〔2｜8｜18〕	〔2｜8｜14〕
2	〔2｜8｜19〕	〔2｜8｜15〕
2	〔2｜8｜1〕	〔2｜7｜26〕
2	〔2｜8｜20〕	〔2｜8｜16〕
2	〔2｜8｜21〕	〔2｜8｜17〕
2	〔2｜8｜22〕	〔2｜8｜18〕
2	〔2｜8｜23〕	〔2｜8｜19〕
2	〔2｜8｜24〕	〔2｜8｜20〕
2	〔2｜8｜25〕	〔2｜8｜21〕
2	〔2｜8｜26〕	〔2｜8｜22〕
2	〔2｜8｜27〕	〔2｜8｜23〕
2	〔2｜8｜28〕	〔2｜8｜24〕
2	〔2｜8｜29〕	〔2｜8｜25〕
2	〔2｜8｜2〕	〔2｜7｜27〕
2	〔2｜8｜30〕	〔2｜8｜26〕
2	〔2｜8｜31〕	〔2｜8｜27〕
2	〔2｜8｜32〕	〔2｜8｜28〕
2	〔2｜8｜3〕	〔2｜7｜28〕
2	〔2｜8｜4〕	〔2｜7｜29〕
2	〔2｜8｜5〕	〔2｜8｜1〕
2	〔2｜8｜6〕	〔2｜8｜2〕
2	〔2｜8｜7〕	〔2｜8｜3〕
2	〔2｜8｜8〕	〔2｜8｜4〕
2	〔2｜8｜9〕	〔2｜8｜5〕
21	〔21｜5｜10〕	〔21｜5｜9〕
21	〔21｜5｜11〕	〔21｜5｜10〕
21	〔21｜5｜12〕	〔21｜5｜11〕
21	〔21｜5｜13〕	〔21｜5｜12〕
21	〔21｜5｜14〕	〔21｜5｜13〕
21	〔21｜5｜15〕	〔21｜5｜14〕
21	〔21｜5｜16〕	〔21｜5｜15〕
21	〔21｜5｜17〕	〔21｜5｜16〕
21	〔21｜5｜18〕	〔21｜5｜17〕
21	〔21｜5｜19〕	〔21｜5｜18〕
21	〔21｜5｜1〕	〔21｜4｜17〕
21	〔21｜5｜20〕	〔21｜5｜19〕
21	〔21｜5｜2〕	〔21｜5｜1〕
21	〔21｜5｜3〕	〔21｜5｜2〕
21	〔21｜5｜4〕	〔21｜5｜3〕
21	〔21｜5｜5〕	〔21｜5｜4〕
21	〔21｜5｜6〕	〔21｜5｜5〕
21	〔21｜5｜7〕	〔21｜5｜6〕
21	〔21｜5｜8〕	〔21｜5｜7〕
21	〔21｜5｜9〕	〔21｜5｜8〕
22	〔22｜6｜13〕	〔22｜7｜1〕
22	〔22｜7｜10〕	〔22｜7｜11〕
22	〔22｜7｜11〕	〔22｜7｜12〕
22	〔22｜7｜12〕	〔22｜7｜13〕
22	〔22｜7｜13〕	〔22｜7｜14〕
22	〔22｜7｜1〕	〔22｜7｜2〕
22	〔22｜7｜2〕	〔22｜7｜3〕
22	〔22｜7｜3〕	〔22｜7｜4〕
22	〔22｜7｜4〕	〔22｜7｜5〕
22	〔22｜7｜5〕	〔22｜7｜6〕
22	〔22｜7｜6〕	〔22｜7｜7〕
22	〔22｜7｜7〕	〔22｜7｜8〕
22	〔22｜7｜8〕	〔22｜7｜9〕
22	〔22｜7｜9〕	〔22｜7｜10〕
23	〔23｜63｜19〕	〔23｜63｜19〕
23	〔23｜64｜10〕	〔23｜64｜9〕
23	〔23｜64｜11〕	〔23｜64｜10〕
23	〔23｜64｜12〕	〔23｜64｜11〕
23	〔23｜64｜1〕	〔23｜63｜19〕
23	〔23｜64｜2〕	〔23｜64｜1〕
23	〔23｜64｜3〕	〔23｜64｜2〕
23	〔23｜64｜4〕	〔23｜64｜3〕
23	〔23｜64｜5〕	〔23｜64｜4〕
23	〔23｜64｜6〕	〔23｜64｜5〕
23	〔23｜64｜7〕	〔23｜64｜6〕
23	〔23｜64｜8〕	〔23｜64｜7〕
23	〔23｜64｜9〕	〔23｜64｜8〕
23	〔23｜9｜10〕	〔23｜9｜9〕
23	〔23｜9｜11〕	〔23｜9｜10〕
23	〔23｜9｜12〕	〔23｜9｜11〕
23	〔23｜9｜13〕	〔23｜9｜12〕
23	〔23｜9｜14〕	〔23｜9｜13〕
23	〔23｜9｜15〕	〔23｜9｜14〕
23	〔23｜9｜16〕	〔23｜9｜15〕
23	〔23｜9｜17〕	〔23｜9｜16〕
23	〔23｜9｜18〕	〔23｜9｜17〕
23	〔23｜9｜19〕	〔23｜9｜18〕
23	〔23｜9｜1〕	〔23｜8｜23〕
23	〔23｜9｜20〕	〔23｜9｜19〕
23	〔23｜9｜21〕	〔23｜9｜20〕
23	〔23｜9｜2〕	〔23｜9｜1〕
23	〔23｜9｜3〕	〔23｜9｜2〕
23	〔23｜9｜4〕	〔23｜9｜3〕
23	〔23｜9｜5〕	〔23｜9｜4〕
23	〔23｜9｜6〕	〔23｜9｜5〕
23	〔23｜9｜7〕	〔23｜9｜6〕
23	〔23｜9｜8〕	〔23｜9｜7〕
23	〔23｜9｜9〕	〔23｜9｜8〕
24	〔24｜9｜10〕	〔24｜9｜9〕
24	〔24｜9｜11〕	〔24｜9｜10〕
24	〔24｜9｜12〕	〔24｜9｜11〕
24	〔24｜9｜13〕	〔24｜9｜12〕
24	〔24｜9｜14〕	〔24｜9｜13〕
24	〔24｜9｜15〕	〔24｜9｜14〕
24	〔24｜9｜16〕	〔24｜9｜15〕
24	〔24｜9｜17〕	〔24｜9｜16〕
24	〔24｜9｜18〕	〔24｜9｜17〕
24	〔24｜9｜19〕	〔24｜9｜18〕
24	〔24｜9｜1〕	〔24｜8｜23〕
24	〔24｜9｜20〕	〔24｜9｜19〕
24	〔24｜9｜21〕	〔24｜9｜20〕
24	〔24｜9｜22〕	〔24｜9｜21〕
24	〔24｜9｜23〕	〔24｜9｜22〕
24	〔24｜9｜24〕	〔24｜9｜23〕
24	〔24｜9｜25〕	〔24｜9｜24〕
24	〔24｜9｜26〕	〔24｜9｜25〕
24	〔24｜9｜2〕	〔24｜9｜1〕
24	〔24｜9｜3〕	〔24｜9｜2〕
24	〔24｜9｜4〕	〔24｜9｜3〕
24	〔24｜9｜5〕	〔24｜9｜4〕
24	〔24｜9｜6〕	〔24｜9｜5〕
24	〔24｜9｜7〕	〔24｜9｜6〕
24	〔24｜9｜8〕	〔24｜9｜7〕
24	〔24｜9｜9〕	〔24｜9｜8〕
26	〔26｜20｜45〕	〔26｜21｜1〕
26	〔26｜20｜46〕	〔26｜21｜2〕
26	〔26｜20｜47〕	〔26｜21｜3〕
26	〔26｜20｜48〕	〔26｜21｜4〕
26	〔26｜20｜49〕	〔26｜21｜5〕
26	〔26｜21｜10〕	〔26｜21｜15〕
26	〔26｜21｜11〕	〔26｜21｜16〕
26	〔26｜21｜12〕	〔26｜21｜17〕
26	〔26｜21｜13〕	〔26｜21｜18〕
26	〔26｜21｜14〕	〔26｜21｜19〕
26	〔26｜21｜15〕	〔26｜21｜20〕
26	〔26｜21｜16〕	〔26｜21｜21〕
26	〔26｜21｜17〕	〔26｜21｜22〕
26	〔26｜21｜18〕	〔26｜21｜23〕
26	〔26｜21｜19〕	〔26｜21｜24〕
26	〔26｜21｜1〕	〔26｜21｜6〕
26	〔26｜21｜20〕	〔26｜21｜25〕
26	〔26｜21｜21〕	〔26｜21｜26〕
26	〔26｜21｜22〕	〔26｜21｜27〕
26	〔26｜21｜23〕	〔26｜21｜28〕
26	〔26｜21｜24〕	〔26｜21｜29〕
26	〔26｜21｜25〕	〔26｜21｜30〕
26	〔26｜21｜26〕	〔26｜21｜31〕
26	〔26｜21｜27〕	〔26｜21｜32〕
26	〔26｜21｜28〕	〔26｜21｜33〕
26	〔26｜21｜29〕	〔26｜21｜34〕
26	〔26｜21｜2〕	〔26｜21｜7〕
26	〔26｜21｜30〕	〔26｜21｜35〕
26	〔26｜21｜31〕	〔26｜21｜36〕
26	〔26｜21｜32〕	〔26｜21｜37〕
26	〔26｜21｜3〕	〔26｜21｜8〕
26	〔26｜21｜4〕	〔26｜21｜9〕
26	〔26｜21｜5〕	〔26｜21｜10〕
26	〔26｜21｜6〕	〔26｜21｜11〕
26	〔26｜21｜7〕	〔26｜21｜12〕
26	〔26｜21｜8〕	〔26｜21｜13〕
26	〔26｜21｜9〕	〔26｜21｜14〕
27	〔27｜4｜10〕	〔27｜4｜7〕
27	〔27｜4｜11〕	〔27｜4｜8〕
27	〔27｜4｜12〕	〔27｜4｜9〕
27	〔27｜4｜13〕	〔27｜4｜10〕
27	〔27｜4｜14〕	〔27｜4｜11〕
27	〔27｜4｜15〕	〔27｜4｜12〕
27	〔27｜4｜16〕	〔27｜4｜13〕
27	〔27｜4｜17〕	〔27｜4｜14〕
27	〔27｜4｜18〕	〔27｜4｜15〕
27	〔27｜4｜19〕	〔27｜4｜16〕
27	〔27｜4｜1〕	〔27｜3｜31〕
27	〔27｜4｜20〕	〔27｜4｜17〕
27	〔27｜4｜21〕	〔27｜4｜18〕
27	〔27｜4｜22〕	〔27｜4｜19〕
27	〔27｜4｜23〕	〔27｜4｜20〕
27	〔27｜4｜24〕	〔27｜4｜21〕
27	〔27｜4｜25〕	〔27｜4｜22〕
27	〔27｜4｜26〕	〔27｜4｜23〕
27	〔27｜4｜27〕	〔27｜4｜24〕
27	〔27｜4｜28〕	〔27｜4｜25〕
27	〔27｜4｜29〕	〔27｜4｜26〕
27	〔27｜4｜2〕	〔27｜3｜32〕
27	〔27｜4｜30〕	〔27｜4｜27〕
27	〔27｜4｜31〕	〔27｜4｜28〕
27	〔27｜4｜32〕	〔27｜4｜29〕
27	〔27｜4｜33〕	〔27｜4｜30〕
27	〔27｜4｜34〕	〔27｜4｜31〕
27	〔27｜4｜35〕	〔27｜4｜32〕
27	〔27｜4｜36〕	〔27｜4｜33〕
27	〔27｜4｜37〕	〔27｜4｜34〕
27	〔27｜4｜3〕	〔27｜3｜33〕
27	〔27｜4｜4〕	〔27｜4｜1〕
27	〔27｜4｜5〕	〔27｜4｜2〕
27	〔27｜4｜6〕	〔27｜4｜3〕
27	〔27｜4｜7〕	〔27｜4｜4〕
27	〔27｜4｜8〕	〔27｜4｜5〕
27	〔27｜4｜9〕	〔27｜4｜6〕
27	〔27｜5｜31〕	〔27｜6｜1〕
27	〔27｜6｜10〕	〔27｜6｜11〕
27	〔27｜6｜11〕	〔27｜6｜12〕
27	〔27｜6｜12〕	〔27｜6｜13〕
27	〔27｜6｜13〕	〔27｜6｜14〕
27	〔27｜6｜14〕	〔27｜6｜15〕
27	〔27｜6｜15〕	〔27｜6｜16〕
27	〔27｜6｜16〕	〔27｜6｜17〕
27	〔27｜6｜17〕	〔27｜6｜18〕
27	〔27｜6｜18〕	〔27｜6｜19〕
27	〔27｜6｜19〕	〔27｜6｜20〕
27	〔27｜6｜1〕	〔27｜6｜2〕
27	〔27｜6｜20〕	〔27｜6｜21〕
27	〔27｜6｜21〕	〔27｜6｜22〕
27	〔27｜6｜22〕	〔27｜6｜23〕
27	〔27｜6｜23〕	〔27｜6｜24〕
27	〔27｜6｜24〕	〔27｜6｜25〕
27	〔27｜6｜25〕	〔27｜6｜26〕
27	〔27｜6｜26〕	〔27｜6｜27〕
27	〔27｜6｜27〕	〔27｜6｜28〕
27	〔27｜6｜28〕	〔27｜6｜29〕
27	〔27｜6｜2〕	〔27｜6｜3〕
27	〔27｜6｜3〕	〔27｜6｜4〕
27	〔27｜6｜4〕	〔27｜6｜5〕
27	〔27｜6｜5〕	〔27｜6｜6〕
27	〔27｜6｜6〕	〔27｜6｜7〕
27	〔27｜6｜7〕	〔27｜6｜8〕
27	〔27｜6｜8〕	〔27｜6｜9〕
27	〔27｜6｜9〕	〔27｜6｜10〕
28	〔28｜11｜12〕	〔28｜12｜1〕
28	〔28｜12｜10〕	〔28｜12｜11〕
28	〔28｜12｜11〕	〔28｜12｜12〕
28	〔28｜12｜12〕	〔28｜12｜13〕
28	〔28｜12｜13〕	〔28｜12｜14〕
28	〔28｜12｜14〕	〔28｜12｜15〕
28	〔28｜12｜1〕	〔28｜12｜2〕
28	〔28｜12｜2〕	〔28｜12｜3〕
28	〔28｜12｜3〕	〔28｜12｜4〕
28	〔28｜12｜4〕	〔28｜12｜5〕
28	〔28｜12｜5〕	〔28｜12｜6〕
28	〔28｜12｜6〕	〔28｜12｜7〕
28	〔28｜12｜7〕	〔28｜12｜8〕
28	〔28｜12｜8〕	〔28｜12｜9〕
28	〔28｜12｜9〕	〔28｜12｜10〕
28	〔28｜13｜16〕	〔28｜14｜1〕
28	〔28｜14｜1〕	〔28｜14｜2〕
28	〔28｜14｜2〕	〔28｜14｜3〕
28	〔28｜14｜3〕	〔28｜14｜4〕
28	〔28｜14｜4〕	〔28｜14｜5〕
28	〔28｜14｜5〕	〔28｜14｜6〕
28	〔28｜14｜6〕	〔28｜14｜7〕
28	〔28｜14｜7〕	〔28｜14｜8〕
28	〔28｜14｜8〕	〔28｜14｜9〕
28	〔28｜14｜9〕	〔28｜14｜10〕
28	〔28｜1｜10〕	〔28｜2｜1〕
28	〔28｜1｜11〕	〔28｜2｜2〕
28	〔28｜2｜10〕	〔28｜2｜12〕
28	〔28｜2｜11〕	〔28｜2｜13〕
28	〔28｜2｜12〕	〔28｜2｜14〕
28	〔28｜2｜13〕	〔28｜2｜15〕
28	〔28｜2｜14〕	〔28｜2｜16〕
28	〔28｜2｜15〕	〔28｜2｜17〕
28	〔28｜2｜16〕	〔28｜2｜18〕
28	〔28｜2｜17〕	〔28｜2｜19〕
28	〔28｜2｜18〕	〔28｜2｜20〕
28	〔28｜2｜19〕	〔28｜2｜21〕
28	〔28｜2｜1〕	〔28｜2｜3〕
28	〔28｜2｜20〕	〔28｜2｜22〕
28	〔28｜2｜21〕	〔28｜2｜23〕
28	〔28｜2｜22〕	〔28｜2｜24〕
28	〔28｜2｜23〕	〔28｜2｜25〕
28	〔28｜2｜2〕	〔28｜2｜4〕
28	〔28｜2｜3〕	〔28｜2｜5〕
28	〔28｜2｜4〕	〔28｜2｜6〕
28	〔28｜2｜5〕	〔28｜2｜7〕
28	〔28｜2｜6〕	〔28｜2｜8〕
28	〔28｜2｜7〕	〔28｜2｜9〕
28	〔28｜2｜8〕	〔28｜2｜10〕
28	〔28｜2｜9〕	〔28｜2｜11〕
29	〔29｜2｜28〕	〔29｜3｜1〕
29	〔29｜2｜29〕	〔29｜3｜2〕
29	〔29｜2｜30〕	〔29｜3｜3〕
29	〔29｜2｜31〕	〔29｜3｜4〕
29	〔29｜2｜32〕	〔29｜3｜5〕
29	〔29｜3｜10〕	〔29｜4｜10〕
29	〔29｜3｜11〕	〔29｜4｜11〕
29	〔29｜3｜12〕	〔29｜4｜12〕
29	〔29｜3｜13〕	〔29｜4｜13〕
29	〔29｜3｜14〕	〔29｜4｜14〕
29	〔29｜3｜15〕	〔29｜4｜15〕
29	〔29｜3｜16〕	〔29｜4｜16〕
29	〔29｜3｜17〕	〔29｜4｜17〕
29	〔29｜3｜18〕	〔29｜4｜18〕
29	〔29｜3｜19〕	〔29｜4｜19〕
29	〔29｜3｜1〕	〔29｜4｜1〕
29	〔29｜3｜20〕	〔29｜4｜20〕
29	〔29｜3｜21〕	〔29｜4｜21〕
29	〔29｜3｜2〕	〔29｜4｜2〕
29	〔29｜3｜3〕	〔29｜4｜3〕
29	〔29｜3｜4〕	〔29｜4｜4〕
29	〔29｜3｜5〕	〔29｜4｜5〕
29	〔29｜3｜6〕	〔29｜4｜6〕
29	〔29｜3｜7〕	〔29｜4｜7〕
29	〔29｜3｜8〕	〔29｜4｜8〕
29	〔29｜3｜9〕	〔29｜4｜9〕
3	〔3｜6｜10〕	〔3｜6｜3〕
3	〔3｜6｜11〕	〔3｜6｜4〕
3	〔3｜6｜12〕	〔3｜6｜5〕
3	〔3｜6｜13〕	〔3｜6｜6〕
3	〔3｜6｜14〕	〔3｜6｜7〕
3	〔3｜6｜15〕	〔3｜6｜8〕
3	〔3｜6｜16〕	〔3｜6｜9〕
3	〔3｜6｜17〕	〔3｜6｜10〕
3	〔3｜6｜18〕	〔3｜6｜11〕
3	〔3｜6｜19〕	〔3｜6｜12〕
3	〔3｜6｜1〕	〔3｜5｜20〕
3	〔3｜6｜20〕	〔3｜6｜13〕
3	〔3｜6｜21〕	〔3｜6｜14〕
3	〔3｜6｜22〕	〔3｜6｜15〕
3	〔3｜6｜23〕	〔3｜6｜16〕
3	〔3｜6｜24〕	〔3｜6｜17〕
3	〔3｜6｜25〕	〔3｜6｜18〕
3	〔3｜6｜26〕	〔3｜6｜19〕
3	〔3｜6｜27〕	〔3｜6｜20〕
3	〔3｜6｜28〕	〔3｜6｜21〕
3	〔3｜6｜29〕	〔3｜6｜22〕
3	〔3｜6｜2〕	〔3｜5｜21〕
3	〔3｜6｜30〕	〔3｜6｜23〕
3	〔3｜6｜3〕	〔3｜5｜22〕
3	〔3｜6｜4〕	〔3｜5｜23〕
3	〔3｜6｜5〕	〔3｜5｜24〕
3	〔3｜6｜6〕	〔3｜5｜25〕
3	〔3｜6｜7〕	〔3｜5｜26〕
3	〔3｜6｜8〕	〔3｜6｜1〕
3	〔3｜6｜9〕	〔3｜6｜2〕
32	〔32｜1｜17〕	〔32｜2｜1〕
32	〔32｜2｜10〕	〔32｜2｜11〕
32	〔32｜2｜1〕	〔32｜2｜2〕
32	〔32｜2｜2〕	〔32｜2｜3〕
32	〔32｜2｜3〕	〔32｜2｜4〕
32	〔32｜2｜4〕	〔32｜2｜5〕
32	〔32｜2｜5〕	〔32｜2｜6〕
32	〔32｜2｜6〕	〔32｜2｜7〕
32	〔32｜2｜7〕	〔32｜2｜8〕
32	〔32｜2｜8〕	〔32｜2｜9〕
32	〔32｜2｜9〕	〔32｜2｜10〕
33	〔33｜5｜10〕	〔33｜5｜9〕
33	〔33｜5｜11〕	〔33｜5｜10〕
33	〔33｜5｜12〕	〔33｜5｜11〕
33	〔33｜5｜13〕	〔33｜5｜12〕
33	〔33｜5｜14〕	〔33｜5｜13〕
33	〔33｜5｜15〕	〔33｜5｜14〕
33	〔33｜5｜1〕	〔33｜4｜14〕
33	〔33｜5｜2〕	〔33｜5｜1〕
33	〔33｜5｜3〕	〔33｜5｜2〕
33	〔33｜5｜4〕	〔33｜5｜3〕
33	〔33｜5｜5〕	〔33｜5｜4〕
33	〔33｜5｜6〕	〔33｜5｜5〕
33	〔33｜5｜7〕	〔33｜5｜6〕
33	〔33｜5｜8〕	〔33｜5｜7〕
33	〔33｜5｜9〕	〔33｜5｜8〕
34	〔34｜1｜15〕	〔34｜2｜1〕
34	〔34｜2｜10〕	〔34｜2｜11〕
34	〔34｜2｜11〕	〔34｜2｜12〕
34	〔34｜2｜12〕	〔34｜2｜13〕
34	〔34｜2｜13〕	〔34｜2｜14〕
34	〔34｜2｜1〕	〔34｜2｜2〕
34	〔34｜2｜2〕	〔34｜2｜3〕
34	〔34｜2｜3〕	〔34｜2｜4〕
34	〔34｜2｜4〕	〔34｜2｜5〕
34	〔34｜2｜5〕	〔34｜2｜6〕
34	〔34｜2｜6〕	〔34｜2｜7〕
34	〔34｜2｜7〕	〔34｜2｜8〕
34	〔34｜2｜8〕	〔34｜2｜9〕
34	〔34｜2｜9〕	〔34｜2｜10〕
38	〔38｜1｜18〕	〔38｜2｜1〕
38	〔38｜1｜19〕	〔38｜2｜2〕
38	〔38｜1｜20〕	〔38｜2｜3〕
38	〔38｜1｜21〕	〔38｜2｜4〕
38	〔38｜2｜10〕	〔38｜2｜14〕
38	〔38｜2｜11〕	〔38｜2｜15〕
38	〔38｜2｜12〕	〔38｜2｜16〕
38	〔38｜2｜13〕	〔38｜2｜17〕
38	〔38｜2｜1〕	〔38｜2｜5〕
38	〔38｜2｜2〕	〔38｜2｜6〕
38	〔38｜2｜3〕	〔38｜2｜7〕
38	〔38｜2｜4〕	〔38｜2｜8〕
38	〔38｜2｜5〕	〔38｜2｜9〕
38	〔38｜2｜6〕	〔38｜2｜10〕
38	〔38｜2｜7〕	〔38｜2｜11〕
38	〔38｜2｜8〕	〔38｜2｜12〕
38	〔38｜2｜9〕	〔38｜2｜13〕
39	〔39｜4｜1〕	〔39｜3｜19〕
39	〔39｜4｜2〕	〔39｜3｜20〕
39	〔39｜4｜3〕	〔39｜3｜21〕
39	〔39｜4｜4〕	〔39｜3｜22〕
39	〔39｜4｜5〕	〔39｜3｜23〕
39	〔39｜4｜6〕	〔39｜3｜24〕
4	〔4｜16｜36〕	〔4｜17｜1〕
4	〔4｜16｜37〕	〔4｜17｜2〕
4	〔4｜16｜38〕	〔4｜17｜3〕
4	〔4｜16｜39〕	〔4｜17｜4〕
4	〔4｜16｜40〕	〔4｜17｜5〕
4	〔4｜16｜41〕	〔4｜17｜6〕
4	〔4｜16｜42〕	〔4｜17｜7〕
4	〔4｜16｜43〕	〔4｜17｜8〕
4	〔4｜16｜44〕	〔4｜17｜9〕
4	〔4｜16｜45〕	〔4｜17｜10〕
4	〔4｜16｜46〕	〔4｜17｜11〕
4	〔4｜16｜47〕	〔4｜17｜12〕
4	〔4｜16｜48〕	〔4｜17｜13〕
4	〔4｜16｜49〕	〔4｜17｜14〕
4	〔4｜16｜50〕	〔4｜17｜15〕
4	〔4｜17｜10〕	〔4｜17｜25〕
4	〔4｜17｜11〕	〔4｜17｜26〕
4	〔4｜17｜12〕	〔4｜17｜27〕
4	〔4｜17｜13〕	〔4｜17｜28〕
4	〔4｜17｜1〕	〔4｜17｜16〕
4	〔4｜17｜2〕	〔4｜17｜17〕
4	〔4｜17｜3〕	〔4｜17｜18〕
4	〔4｜17｜4〕	〔4｜17｜19〕
4	〔4｜17｜5〕	〔4｜17｜20〕
4	〔4｜17｜6〕	〔4｜17｜21〕
4	〔4｜17｜7〕	〔4｜17｜22〕
4	〔4｜17｜8〕	〔4｜17｜23〕
4	〔4｜17｜9〕	〔4｜17｜24〕
4	〔4｜26｜1〕	〔4｜25｜19〕
4	〔4｜26｜1〕	〔4｜26｜1〕
4	〔4｜29｜40〕	〔4｜30｜1〕
4	〔4｜30｜10〕	〔4｜30｜11〕
4	〔4｜30｜11〕	〔4｜30｜12〕
4	〔4｜30｜12〕	〔4｜30｜13〕
4	〔4｜30｜13〕	〔4｜30｜14〕
4	〔4｜30｜14〕	〔4｜30｜15〕
4	〔4｜30｜15〕	〔4｜30｜16〕
4	〔4｜30｜16〕	〔4｜30｜17〕
4	〔4｜30｜1〕	〔4｜30｜2〕
4	〔4｜30｜2〕	〔4｜30｜3〕
4	〔4｜30｜3〕	〔4｜30｜4〕
4	〔4｜30｜4〕	〔4｜30｜5〕
4	〔4｜30｜5〕	〔4｜30｜6〕
4	〔4｜30｜6〕	〔4｜30｜7〕
4	〔4｜30｜7〕	〔4｜30｜8〕
4	〔4｜30｜8〕	〔4｜30｜9〕
4	〔4｜30｜9〕	〔4｜30｜10〕
5	〔5｜12｜32〕	〔5｜13｜1〕
5	〔5｜13｜10〕	〔5｜13｜11〕
5	〔5｜13｜11〕	〔5｜13｜12〕
5	〔5｜13｜12〕	〔5｜13｜13〕
5	〔5｜13｜13〕	〔5｜13｜14〕
5	〔5｜13｜14〕	〔5｜13｜15〕
5	〔5｜13｜15〕	〔5｜13｜16〕
5	〔5｜13｜16〕	〔5｜13｜17〕
5	〔5｜13｜17〕	〔5｜13｜18〕
5	〔5｜13｜18〕	〔5｜13｜19〕
5	〔5｜13｜1〕	〔5｜13｜2〕
5	〔5｜13｜2〕	〔5｜13｜3〕
5	〔5｜13｜3〕	〔5｜13｜4〕
5	〔5｜13｜4〕	〔5｜13｜5〕
5	〔5｜13｜5〕	〔5｜13｜6〕
5	〔5｜13｜6〕	〔5｜13｜7〕
5	〔5｜13｜7〕	〔5｜13｜8〕
5	〔5｜13｜8〕	〔5｜13｜9〕
5	〔5｜13｜9〕	〔5｜13｜10〕
5	〔5｜22｜30〕	〔5｜23｜1〕
5	〔5｜23｜10〕	〔5｜23｜11〕
5	〔5｜23｜11〕	〔5｜23｜12〕
5	〔5｜23｜12〕	〔5｜23｜13〕
5	〔5｜23｜13〕	〔5｜23｜14〕
5	〔5｜23｜14〕	〔5｜23｜15〕
5	〔5｜23｜15〕	〔5｜23｜16〕
5	〔5｜23｜16〕	〔5｜23｜17〕
5	〔5｜23｜17〕	〔5｜23｜18〕
5	〔5｜23｜18〕	〔5｜23｜19〕
5	〔5｜23｜19〕	〔5｜23｜20〕
5	〔5｜23｜1〕	〔5｜23｜2〕
5	〔5｜23｜20〕	〔5｜23｜21〕
5	〔5｜23｜21〕	〔5｜23｜22〕
5	〔5｜23｜22〕	〔5｜23｜23〕
5	〔5｜23｜23〕	〔5｜23｜24〕
5	〔5｜23｜24〕	〔5｜23｜25〕
5	〔5｜23｜25〕	〔5｜23｜26〕
5	〔5｜23｜2〕	〔5｜23｜3〕
5	〔5｜23｜3〕	〔5｜23｜4〕
5	〔5｜23｜4〕	〔5｜23｜5〕
5	〔5｜23｜5〕	〔5｜23｜6〕
5	〔5｜23｜6〕	〔5｜23｜7〕
5	〔5｜23｜7〕	〔5｜23｜8〕
5	〔5｜23｜8〕	〔5｜23｜9〕
5	〔5｜23｜9〕	〔5｜23｜10〕
5	〔5｜29｜10〕	〔5｜29｜9〕
5	〔5｜29｜11〕	〔5｜29｜10〕
5	〔5｜29｜12〕	〔5｜29｜11〕
5	〔5｜29｜13〕	〔5｜29｜12〕
5	〔5｜29｜14〕	〔5｜29｜13〕
5	〔5｜29｜15〕	〔5｜29｜14〕
5	〔5｜29｜16〕	〔5｜29｜15〕
5	〔5｜29｜17〕	〔5｜29｜16〕
5	〔5｜29｜18〕	〔5｜29｜17〕
5	〔5｜29｜19〕	〔5｜29｜18〕
5	〔5｜29｜1〕	〔5｜28｜69〕
5	〔5｜29｜20〕	〔5｜29｜19〕
5	〔5｜29｜21〕	〔5｜29｜20〕
5	〔5｜29｜22〕	〔5｜29｜21〕
5	〔5｜29｜23〕	〔5｜29｜22〕
5	〔5｜29｜24〕	〔5｜29｜23〕
5	〔5｜29｜25〕	〔5｜29｜24〕
5	〔5｜29｜26〕	〔5｜29｜25〕
5	〔5｜29｜27〕	〔5｜29｜26〕
5	〔5｜29｜28〕	〔5｜29｜27〕
5	〔5｜29｜29〕	〔5｜29｜28〕
5	〔5｜29｜2〕	〔5｜29｜1〕
5	〔5｜29｜3〕	〔5｜29｜2〕
5	〔5｜29｜4〕	〔5｜29｜3〕
5	〔5｜29｜5〕	〔5｜29｜4〕
5	〔5｜29｜6〕	〔5｜29｜5〕
5	〔5｜29｜7〕	〔5｜29｜6〕
5	〔5｜29｜8〕	〔5｜29｜7〕
5	〔5｜29｜9〕	〔5｜29｜8〕
9	〔9｜19｜1〕	〔9｜19｜1〕
9	〔9｜19｜2〕	〔9｜19｜1〕
9	〔9｜19｜2〕	〔9｜19｜2〕
9	〔9｜20｜42〕	〔9｜20｜42〕
9	〔9｜20｜42〕	〔9｜21｜1〕
9	〔9｜21｜10〕	〔9｜21｜11〕
9	〔9｜21｜11〕	〔9｜21｜12〕
9	〔9｜21｜12〕	〔9｜21｜13〕
9	〔9｜21｜13〕	〔9｜21｜14〕
9	〔9｜21｜14〕	〔9｜21｜15〕
9	〔9｜21｜15〕	〔9｜21｜16〕
9	〔9｜21｜1〕	〔9｜21｜2〕
9	〔9｜21｜2〕	〔9｜21｜3〕
9	〔9｜21｜3〕	〔9｜21｜4〕
9	〔9｜21｜4〕	〔9｜21｜5〕
9	〔9｜21｜5〕	〔9｜21｜6〕
9	〔9｜21｜6〕	〔9｜21｜7〕
9	〔9｜21｜7〕	〔9｜21｜8〕
9	〔9｜21｜8〕	〔9｜21｜9〕
9	〔9｜21｜9〕	〔9｜21｜10〕
9	〔9｜23｜29〕	〔9｜24｜1〕
9	〔9｜24｜10〕	〔9｜24｜11〕
9	〔9｜24｜11〕	〔9｜24｜12〕
9	〔9｜24｜12〕	〔9｜24｜13〕
9	〔9｜24｜13〕	〔9｜24｜14〕
9	〔9｜24｜14〕	〔9｜24｜15〕
9	〔9｜24｜15〕	〔9｜24｜16〕
9	〔9｜24｜16〕	〔9｜24｜17〕
9	〔9｜24｜17〕	〔9｜24｜18〕
9	〔9｜24｜18〕	〔9｜24｜19〕
9	〔9｜24｜19〕	〔9｜24｜20〕
9	〔9｜24｜1〕	〔9｜24｜2〕
9	〔9｜24｜20〕	〔9｜24｜21〕
9	〔9｜24｜21〕	〔9｜24｜22〕
9	〔9｜24｜22〕	〔9｜24｜23〕
9	〔9｜24｜2〕	〔9｜24｜3〕
9	〔9｜24｜3〕	〔9｜24｜4〕
9	〔9｜24｜4〕	〔9｜24｜5〕
9	〔9｜24｜5〕	〔9｜24｜6〕
9	〔9｜24｜6〕	〔9｜24｜7〕
9	〔9｜24｜7〕	〔9｜24｜8〕
9	〔9｜24｜8〕	〔9｜24｜9〕
9	〔9｜24｜9〕	〔9｜24｜10〕